item_id;catalog;brand;qty
10010019001001;AAS 344/332;FERSA;8
10010026001190;AAS 368 A/362 X;FERSA;68
10010044131190;AAS 387 A/382 A;FERSA;38
10010046001001;AAS 387 A/383 A;FERSA;2
10010056001190;AAS 390/394 A;FERSA;13
10010059001001;AAS 395 A/394 A;FERSA;32
10010065001190;AAS 399 A/394 A;FERSA;13
10010070001001;AAS 462/453 X;FERSA;2
10010072001190;AAS 469/453 X;FERSA;33
10010073001001;AAS 482/472;FERSA;26
10010080001190;AAS 495/492 A;FERSA;3
10010081001001;AAS 495/493;FERSA;2
10010092001001;AAS 527/522;FERSA;4
10010096001001;AAS 529/520 X1;FERSA;67
10010097001190;AAS 529 X/522;FERSA;1
10010113001001;AAS 575/572 X;FERSA;2
10010114001001;AAS 580/572;FERSA;25
10010116001190;AAS 580/572 X;FERSA;14
10010119001001;AAS 594/592 A;FERSA;69
10010125001001;AAS 598 A/592 A;FERSA;4
10010135001001;AAS 687/672;FERSA;54
10010138001001;AAS 749/742;FERSA;6
10010147001190;AAS 1780/1729;FERSA;7
10010155001001;AAS 2580/2520;FERSA;41
10010158001001;AAS 2689/2631;FERSA;2
10010159001190;AAS 2780/2720;FERSA;8
10010160001190;AAS 2780/2729;FERSA;8
10010161001001;AAS 2788/2720;FERSA;7
10010163001001;AAS 2789/2720;FERSA;3
10010164001001;AAS 2789/2729;FERSA;10
10010170001001;AAS 3386/3320;FERSA;2
10010185121190;AAS 3780/3720;FERSA;11
10010187001001;AAS 3782/3720;FERSA;6
10010190001001;AAS 3877/3820;FERSA;14
10010193001190;AAS 3980/3920;FERSA;2
10010196001001;AAS 3984/3920;FERSA;1
10010201001001;AAS JF 4049/JF 4010;FERSA;13
10010206001001;AAS JF 4549/JF 4510;FERSA;1
10010208001001;AAS JW 4549/10;FERSA;16
10010209001001;AAS JW 5049/JW 5010;FERSA;32
10010211001001;AAS 5395/5335;FERSA;209
10010212001190;AAS JW 5549/10;FERSA;7
10010215001001;AAS JF 6049/10;FERSA;140
10010216001190;AAS JW 6049/10;FERSA;11
10010217001190;AAS A 6075/A 6157;FERSA;4
10010219001001;AAS 6379/6320;FERSA;2
10010222001001;AAS JD 6549/6510;FERSA;35
10010225001001;AAS JW 7049/10;FERSA;5
10010226001001;AAS JF 7049 A/10;FERSA;1
10010233011190;AAS 02872/02820;FERSA;15
10010246001001;AAS 09074/09195;FERSA;3
10010250001001;AAS JF 10049/10;FERSA;9
10010261001001;AAS LM 11949/10;FERSA;372
10010263001001;AAS JP 12049/10;FERSA;9
10010264001001;AAS JP 12049 A/10;FERSA;26
10010268001001;AAS LM 12749/10;FERSA;10
10010270001190;AAS 13685/13621;FERSA;4
10010283001190;AAS 14131/14276;FERSA;4
10010289001001;AAS 14138 A/14276;FERSA;19
10010291001190;AAS 14585/14525;FERSA;10
10010315001001;AAS F 15046;FERSA;66
10010316001001;AAS F 15047;FERSA;133
10010317001001;AAS F 15048;FERSA;159
10010317001068;AAS F 15048;FERSA;4
10010320001003;AAS F 15051 C;FERSA;6
10010337001001;AAS F 15071;FERSA;54
10010338001001;AAS F 15075;FERSA;487
10010339001001;AAS F 15076;FERSA;35
10010342001001;AAS F 15082;FERSA;8
10010343001001;AAS F 15083;FERSA;116
10010358001001;AAS F 15104;FERSA;49
10010363001001;AAS F 15112;FERSA;78
10010366001001;AAS F 15116;FERSA;281
10010367001001;AAS F 15117;FERSA;379
10010371001190;AAS 15101/15245;FERSA;12
10010374001001;AAS 15103 S/15243;FERSA;110
10010378001001;AAS 15106/15250 X;FERSA;80
10010379001001;AAS 15112/15245;FERSA;33
10010385001001;AAS 15118/15250 X;FERSA;16
10010389001001;AAS 15123/15250 X;FERSA;2
10010392001190;AAS 15126/15250 X;FERSA;145
10010404001001;AAS 21075/21212;FERSA;13
10010412001001;AAS 25577/25521;FERSA;2
10010419001001;AAS 25580/25520;FERSA;61
10010421001190;AAS 25580/25522;FERSA;2
10010423001190;AAS 25581/25520;FERSA;82
10010429001001;AAS 25590/25522;FERSA;10
10010432001001;AAS 25877/25821;FERSA;138
10010437001190;AAS 26882/26820;FERSA;28
10010438001001;AAS 26882/26822;FERSA;3
10010441001001;AAS 27687/27620;FERSA;2
10010442001190;AAS 27690/27620;FERSA;2
10010446001001;AAS 28580/28521;FERSA;14
10010450001001;AAS 28682/28622;FERSA;12
10010452001001;AAS 28985/28921;FERSA;4
10010458001190;AAS 29590/29520;FERSA;30
10010459001190;AAS 29590/29522;FERSA;9
10010460001001;AAS 29675/29620;FERSA;44
10010461001001;AAS 29685/29620;FERSA;16
10010465001001;AAS LM 29749/10;FERSA;4
10010466001190;AAS LM 29749/11;FERSA;7
10010467001123;AAS 30202 F;FERSA;23
10010469001001;AAS 30204 F;FERSA;59
10010470001001;AAS 30205 F;FERSA;1
10010472001001;AAS 30206 F;FERSA;35
10010473001001;AAS 30207 F;FERSA;267
10010476001001;AAS 30208 F;FERSA;173
10010479001001;AAS 30210 F;FERSA;4
10010479001113;AAS NKE_30210;NKE;10
10010481001001;AAS 30211 F;FERSA;11
10010482001001;AAS 30212 F;FERSA;19
10010483001001;AAS 30213 F;FERSA;5
10010484001001;AAS 30214 F;FERSA;20
10010485001001;AAS 30215 F;FERSA;144
10010487001001;AAS 30217 F;FERSA;65
10010488001001;AAS 30218 F;FERSA;2
10010489001190;AAS 30219 F;FERSA;13
10010490001001;AAS 30220 F;FERSA;3
10010492001190;AAS 30222 F;FERSA;8
10010495001001;AAS 30303 F;FERSA;30
10010499001001;AAS 30306 F;FERSA;137
10010499131124;AAS NKE_30306-MRO;NKE;2
10010500001001;AAS 30307 F;FERSA;5
10010501001001;AAS 30308 F;FERSA;40
10010503001113;AAS NKE_30309;NKE;18
10010505001001;AAS 30311 F;FERSA;18
10010505001113;AAS NKE_30311;NKE;2
10010506001001;AAS 30312 F;FERSA;237
10010507001001;AAS 30313 F;FERSA;4
10010515001001;AAS 31308 F;FERSA;10
10010519001001;AAS 31312 F;FERSA;11
10010520001001;AAS 31313 F;FERSA;121
10010521001001;AAS 31314 F;FERSA;18
10010522001001;AAS 31315 F;FERSA;7
10010523001001;AAS 31318 F;FERSA;12
10010525001001;AAS 31594/31520;FERSA;4
10010528001190;AAS 320/22 XF;FERSA;4
10010529001001;AAS 32005 XF;FERSA;25
10010531001190;AAS 320/28 XF;FERSA;2
10010532001001;AAS 32006 XF;FERSA;74
10010533001001;AAS 320/32 XF;FERSA;139
10010534001001;AAS 320/32 XR;FERSA;1
10010535001001;AAS 32007 XF;FERSA;65
10010539001001;AAS 32008 XF;FERSA;12
10010540001001;AAS 32009 XF;FERSA;30
10010541001001;AAS 32010 XF;FERSA;11
10010543001001;AAS 32011 XF;FERSA;288
10010546001001;AAS 32013 XF;FERSA;2
10010547001001;AAS 32014 XF;FERSA;82
10010548001001;AAS 32015 XF;FERSA;84
10010549001001;AAS 32016 XF;FERSA;105
10010550001001;AAS 32017 XF;FERSA;15
10010550001113;AAS NKE_32017-X;NKE;1
10010551001001;AAS 32018 XF;FERSA;208
10010553001001;AAS 32020 XF;FERSA;10
10010554001001;AAS 32021 XF;FERSA;110
10010555001001;AAS 32022 XF;FERSA;1
10010556001001;AAS 32024 XF;FERSA;23
10010557001001;AAS 32204 F;FERSA;10
10010559001001;AAS 32205 BF;FERSA;345
10010560001001;AAS 32205 F;FERSA;158
10010561001001;AAS 32206 F;FERSA;28
10010562001001;AAS 32207 F;FERSA;274
10010563001001;AAS 32208 F;FERSA;6
10010564001001;AAS 32209 F;FERSA;30
10010566001001;AAS 32210 F;FERSA;179
10010569001001;AAS 32212 F;FERSA;78
10010572111124;AAS NKE_32215-MRO;NKE;4
10010574001001;AAS 32216 F;FERSA;6
10010575001001;AAS 32217 F;FERSA;117
10010577001001;AAS 32219 F;FERSA;7
10010580001001;AAS 32221 F;FERSA;43
10010585001001;AAS 32305 F;FERSA;29
10010591001001;AAS 32308 F;FERSA;2
10010593001190;AAS 32308 C;FERSA;6
10010594001001;AAS 32309 F;FERSA;6
10010597001001;AAS 32310 F;FERSA;81
10010599001001;AAS 32311 F;FERSA;2
10010602001001;AAS 32313 BF;FERSA;1
10010603001001;AAS 32313 F;FERSA;31
10010604001190;AAS 32314 BF;FERSA;41
10010605001001;AAS 32314 F;FERSA;90
10010608001190;AAS 32317 F;FERSA;23
10010615001190;AAS 33011 F;FERSA;4
10010617001001;AAS 33013 F;FERSA;3
10010621001001;AAS 33017 F;FERSA;141
10010622001001;AAS 33018 F;FERSA;9
10010622121124;AAS NKE_33018-MRO;NKE;3
10010624001001;AAS 33020 F;FERSA;165
10010625001001;AAS 33021 F;FERSA;28
10010627001001;AAS 33022 F;FERSA;107
10010633001190;AAS 33112 F;FERSA;31
10010634001001;AAS 33113 B;FERSA;5
10010635001001;AAS 33113 F;FERSA;232
10010636001001;AAS 33114 F;FERSA;9
10010636001113;AAS NKE_33114;NKE;6
10010637001001;AAS 33115 F;FERSA;19
10010638001001;AAS 33116 F;FERSA;2
10010639001001;AAS 33117 F;FERSA;83
10010640001001;AAS 33118 F;FERSA;2
10010643001001;AAS 33205 F;FERSA;7
10010646001001;AAS 33207 F;FERSA;80
10010647001001;AAS 33208 F;FERSA;9
10010648001113;AAS NKE_33209;NKE;6
10010648001190;AAS 33209 F;FERSA;36
10010650001001;AAS 33210 F;FERSA;1
10010651001190;AAS 33211 F;FERSA;11
10010652001001;AAS 33212 F;FERSA;11
10010653001001;AAS 33213 F;FERSA;4
10010654001001;AAS 33214 F;FERSA;67
10010655001001;AAS 33215 F;FERSA;165
10010656001001;AAS 33216 F;FERSA;143
10010656001113;AAS NKE_33216;NKE;7
10010656101124;AAS NKE_33216-MRO;NKE;6
10010657001001;AAS 33217 F;FERSA;32
10010664001190;AAS 33281/33462;FERSA;17
10010666001001;AAS 33287/33462;FERSA;13
10010668001001;AAS 33885/22;FERSA;22
10010669001001;AAS 33889/33821;FERSA;8
10010670001190;AAS 33889/33822;FERSA;126
10010671001001;AAS 33891/33821;FERSA;2
10010675001190;AAS 34300/34500;FERSA;25
10010677001001;AAS 34306/34478;FERSA;9
10010679001001;AAS 37425/37625;FERSA;18
10010685001001;AAS 39580/39528;FERSA;50
10010686001001;AAS 39581/39520;FERSA;24
10010688001001;AAS 39590/39520;FERSA;16
10010693001001;AAS 42381/42584;FERSA;35
10010694001001;AAS 42688/42620;FERSA;34
10010702001001;AAS 45284/45220;FERSA;11
10010704001001;AAS L 45449/L 45410;FERSA;1
10010708001001;AAS 47686/47620;FERSA;211
10010710001001;AAS 48190/48120;FERSA;2
10010711001001;AAS LM 48548/10;FERSA;18
10010716001001;AAS 52400/52618;FERSA;53
10010721001190;AAS 55187 C/55437;FERSA;6
10010723001003;AAS 55206 C/55437;FERSA;1
10010725001001;AAS 56425/56650;FERSA;7
10010726001190;AAS 59162/59412;FERSA;6
10010727001001;AAS 64450/64700;FERSA;3
10010728001001;AAS 65237/65500;FERSA;74
10010731001001;AAS LM 67048/10;FERSA;10
10010746001001;AAS 68462/68712;FERSA;6
10010754001001;AAS 78225 C/78551;FERSA;20
10010755001001;AAS LM 78349/10 A;FERSA;3
10010757001190;AAS M 84249/M 84210;FERSA;33
10010758001001;AAS M 84548/M 84510;FERSA;20
10010765001001;AAS M 88048/M 88010;FERSA;12
10010768001190;AAS HM 88542/10;FERSA;164
10010772001001;AAS HM 89443/10;FERSA;1
10010773001001;AAS HM 89446/10;FERSA;10
10010774001190;AAS HM 89448/10;FERSA;21
10010776001001;AAS LM 102949/10;FERSA;23
10010780001001;AAS LM 104949/JLM 10;FERSA;5
10010784001001;AAS HM 204043/10;FERSA;5
10010785001001;AAS JM 205149/10;FERSA;84
10010789001001;AAS HM 212047/11;FERSA;13
10010791001001;AAS HM 212049/11;FERSA;1
10010794001001;AAS HM 215249/10;FERSA;1
10010796001001;AAS HM 218248/10;FERSA;239
10010797001001;AAS HM 220149/10;FERSA;3
10010805001001;AAS LM 501349/10;FERSA;61
10010806001001;AAS LM 501349/14;FERSA;10
10010807001190;AAS LM 503349/10;FERSA;10
10010809001190;AAS JLM 506849/10;FERSA;7
10010812001001;AAS JM 515649/10;FERSA;10
10010813001001;AAS HM 516449 C/10;FERSA;4
10010814001001;AAS JHM 516849/10;FERSA;44
10010817001001;AAS JHM 522649/10;FERSA;33
10010821001001;AAS LM 603049/12;FERSA;4
10010822001190;AAS LM 603049/14;FERSA;8
10010826001001;AAS JLM 714149/10;FERSA;2
10010827001001;AAS JM 714249/10;FERSA;26
10010828001003;AAS H 715332/11;FERSA;1
10010835001190;AAS JM 716649/10;FERSA;5
10010840001190;AAS HM 801346/10;FERSA;14
10010842001001;AAS M 802048/11;FERSA;2
10010844001001;AAS HM 803146/10;FERSA;24
10010846001001;AAS HM 803149/10;FERSA;80
10010848001190;AAS M 804049/10;FERSA;2
10010851001001;AAS HM 804846/10;FERSA;7
10010856001001;AAS HM 807046/10;FERSA;18
10010857001001;AAS HM 807046/10 BT;FERSA;36
10010865001190;AAS HM 813842/10;FERSA;2
10010866001001;AAS HM 813843/10;FERSA;29
10010867001001;AAS HM 813849/10;FERSA;6
10010872001190;AAS JL 819349/10;FERSA;16
10010873001001;AAS JM 822049/10;FERSA;35
10010875001001;AAS HM 903249/10;FERSA;2
10010877001001;AAS HM 905843/10;FERSA;15
10010881001001;AAS HM 911245/10;FERSA;21
10010882001001;AAS H 913842/10;FERSA;355
10010883001001;AAS H 913843/10;FERSA;18
10010884001001;AAS H 913849/10;FERSA;4
10011524001001;AAS F 15119;FERSA;597
10011548001001;AAS JLM 710949 C/10;FERSA;8
10011594001001;AAS 28580/28527 RB;FERSA;4
10011601001001;AAS JM 720249/10;FERSA;141
10011702001001;AAS F 15159;FERSA;24
10011707001001;AAS F 15158;FERSA;43
10011710001001;AAS 598 A/593 X;FERSA;139
10011711001001;AAS 476/472;FERSA;2
10011722001001;AAS JM 511945/3920;FERSA;9
10011723001001;AAS 45285 A/45220;FERSA;57
10011724001190;AAS JP 13049/10;FERSA;2
10011734001001;AAS F 15157;FERSA;27
10011743001190;AAS F 15196;FERSA;2
10011756001001;AAS F 15161;FERSA;41
10011803001001;AAS 34300/34478 B;FERSA;19
10011804001001;AAS F 15183;FERSA;11
10011805001001;AAS F 15184;FERSA;7
10011873001001;AAS F 15190;FERSA;360
10011874001001;AAS F 15191;FERSA;91
10011875001001;AAS F 15192;FERSA;8
10011891001190;AAS F 15197;FERSA;1
10011894001190;AAS F 15193;FERSA;314
10011916001190;AAS 30224 F;FERSA;2
10011919001003;AAS F 15208;FERSA;3
10011947001190;AAS F 15203;FERSA;43
10011977001001;AAS 32226 F;FERSA;1
10011980001001;AAS F 15265;FERSA;28
10012052001190;AAS 31316 F;FERSA;1
10012063001001;AAS 59175/59412;FERSA;41
10012154001003;AAS F 15255;FERSA;10
10012155001001;AAS F 15256;FERSA;8
10012158001001;AAS F 15245;FERSA;17
10012168001003;AAS F 15254;FERSA;1
10012204001001;AAS F 15246;FERSA;4
10012209001001;AAS JLM 704649/10;FERSA;4
10012284001003;AAS F 15257;FERSA;2
10012285001001;AAS F 15258;FERSA;72
10012315001190;AAS F 15266;FERSA;12
10012326001001;AAS F 15270;FERSA;166
10012338001001;AAS F 15273;FERSA;33
10012407001001;AAS F 15278;FERSA;288
10012408001001;AAS F 15280;FERSA;53
10012429001001;AAS F 15279;FERSA;4
10012448001001;AAS 3775/3720;FERSA;42
10012464001003;AAS F 15291;FERSA;70
10012538001001;AAS F 15298;FERSA;24
10012625001001;AAS F 15345;FERSA;11
10012655001001;AAS JF 5049/JF 5010;FERSA;102
10012718001190;AAS F 15316;FERSA;1
10012719001190;AAS F 15323;FERSA;21
10012737001190;AAS F 15322;FERSA;14
10012779001001;AAS F 15326;FERSA;1383
10012784001023;AAS F 15330;FERSA;13
10012797001001;AAS F 15332;FERSA;6
10012844001001;AAS F 15346;FERSA;259
10012845001001;AAS F 15347;FERSA;9
10012846001001;AAS F 15348;FERSA;390
10015640001113;AAS NKE_30204;NKE;110
10015649001113;AAS NKE_32013-X;NKE;10
10015653001113;AAS NKE_30304;NKE;22
10015654001113;AAS NKE_30310;NKE;86
10015664001113;AAS NKE_30214;NKE;6
10015669001113;AAS NKE_30202;NKE;31
10015676001113;AAS NKE_32012-X;NKE;4
10015681001113;AAS NKE_30207;NKE;10
10015681121124;AAS NKE_30207-MRO;NKE;80
10015685001113;AAS NKE_30205;NKE;210
10015689001113;AAS NKE_32007-X;NKE;7
10015690001113;AAS NKE_32010-X;NKE;4
10015696001113;AAS NKE_30220;NKE;7
10015703001113;AAS NKE_30209;NKE;6
10015704121124;AAS NKE_30305-MRO;NKE;9
10015707001124;AAS NKE_30203-MRO;NKE;30
10015708111124;AAS NKE_30212-MRO;NKE;12
10015710001113;AAS NKE_31307;NKE;30
10015751001124;AAS NKE_32306-MRO;NKE;14
10015752001113;AAS NKE_32312;NKE;10
10016392001003;AAS F 15366;FERSA;2
10016416001023;AAS F 15370;FERSA;3
10016417001023;AAS F 15371;FERSA;298
10020653001113;AAS NKE_30213;NKE;7
10020664001124;AAS NKE_32222-MRO;NKE;2
10020671001124;AAS NKE_32315-MRO;NKE;2
10020680111124;AAS NKE_33021-MRO;NKE;1
10020681001124;AAS NKE_33022-MRO;NKE;3
10020685001113;AAS NKE_33112;NKE;1
10020690111124;AAS NKE_33217-MRO;NKE;5
10020706111124;AAS NKE_31315-MRO;NKE;1
10020714001113;AAS NKE_32014-X;NKE;16
10020718001117;AAS NKE_32032-X;NKE;9
10020818001001;AAS 32026 XF;FERSA;5
10021935001113;AAS NKE_30215;NKE;5
10021935001124;AAS NKE_30215-MRO;NKE;6
10021937121124;AAS NKE_30307-MRO;NKE;2
10021938001124;AAS NKE_31313-MRO;NKE;5
10021939001113;AAS NKE_31314;NKE;1
10021940001113;AAS NKE_32018-X;NKE;1
10021943001113;AAS NKE_33115;NKE;4
10021944001113;AAS NKE_33116;NKE;4
10021945001113;AAS NKE_33213;NKE;4
10021952111124;AAS NKE_33211-MRO;NKE;14
10022045001113;AAS NKE_32308;NKE;13
10022241001113;AAS NKE_30308;NKE;30
10022241111124;AAS NKE_30308-MRO;NKE;40
10022242001113;AAS NKE_33206;NKE;2
10022290001124;AAS NKE_32220-MRO;NKE;1
10022362001190;AAS 3994/JM511910;FERSA;4
10025873001001;AAS F 15517;FERSA;12
10026861001003;AAS F 15544;FERSA;1
10110113001001;CEM 3382;FERSA;2
10110139001001;CEM JF 4049;FERSA;8
10110140001001;CEM 4367 X;FERSA;47
10110142001001;CEM 4395;FERSA;43
10110258001001;CEM F 15084;FERSA;97
10110269001190;CEM F 15101;FERSA;10
10110275001001;CEM F 15110;FERSA;188
10110276001001;CEM F 15111;FERSA;32
10110278001001;CEM F 15113;FERSA;25
10110393001001;CEM 31594;FERSA;110
10110502001001;CEM 33113 F;FERSA;80
10110657001109;CEM HM 518445;FERSA;1
10111103001001;CEM F 15150 A;FERSA;2786
10111104001001;CEM F 15249;FERSA;197
10111196001001;CEM F 15244;FERSA;73
10111197001001;CEM F 15269;FERSA;33
10111233001001;CEM F 15333;FERSA;45
10111245001001;CEM F 15356;FERSA;13
11010310001001;AAS F 15041;FERSA;2
11011580001023;AAS F 15100;FERSA;28
11011721001001;AAS F 15121;FERSA;36
11011825001001;AAS F 15187;FERSA;16
11011895001195;AAS F 15097;FERSA;30
11012014001001;AAS F 15218;FERSA;27
11012051001001;AAS F 15128;FERSA;2
11012230001023;AAS F 15125;FERSA;10
11012327001001;AAS F 15271;FERSA;5
11025694101113;AAS NKE_HM926740/710D;NKE;4
11026147001190;AAS F 15524;FERSA;4
11026181101190;AAS F 15525;FERSA;36
11026205001001;AAS F 15526;FERSA;401
12011609001195;AAS F 200004;FERSA;134
12012080001195;AAS F 200013;FERSA;206
12012081001195;AAS F 200014;FERSA;166
12012095001023;AAS F 200015;FERSA;21
12012759001023;AAS F 200032;FERSA;54
12022080001023;AAS F 200035;FERSA;70
12022080101195;AAS F 200035;FERSA;8
12022880001023;AAS F 200037;FERSA;5
13011692001023;AAS F 300007;FERSA;2
13012048001023;AAS F 300005;FERSA;13
13512861001108;AAS F 400021;FERSA;1
13522495001108;AAS F 400041;FERSA;58
13522510001108;AAS F 400042;FERSA;2
13522855001108;AAS F 400043;FERSA;3
14010904111068;AAS RMS 9 2RS/C4;FERSA;2
14010920121001;AAS 6000 2RS/C3;FERSA;102
14010921121001;AAS 6001 2RS/C3;FERSA;14
14010921151001;AAS 6001 ZZ/C3;FERSA;46
14010922121001;AAS 6002 2RS/C3;FERSA;209
14010923101001;AAS 6003;FERSA;178
14010923121001;AAS 6003 2RS/C3;FERSA;5
14010924131001;AAS 6004 2RS/C3;FERSA;133
14010925101190;AAS 6005;FERSA;90
14010925111001;AAS 6005 2RS;FERSA;241
14010926131001;AAS 6006 2RS/C3;FERSA;10
14010926181190;AAS 6006/32 2RS/C3;FERSA;2
14010927101001;AAS 6007;FERSA;74
14010927111001;AAS 6007 2RS;FERSA;10
14010927151001;AAS 6007 ZZ/C3;FERSA;112
14010928101001;AAS 6008;FERSA;3
14010928131001;AAS 6008 2RS/C3;FERSA;20
14010928151001;AAS 6008 ZZ;FERSA;1
14010928171001;AAS 6008 ZZ/C3;FERSA;351
14010929121001;AAS 6009 2RS/C3;FERSA;10
14010929131001;AAS 6009 C3;FERSA;32
14010929141190;AAS 6009 NR;FERSA;4
14010929181190;AAS 6009 ZZ/C3;FERSA;6
14010930121001;AAS 6010 2RS/C3;FERSA;10
14010930141001;AAS 6010 ZZ;FERSA;5
14010931121190;AAS 6011 2RS/C3;FERSA;30
14010931141190;AAS 6011 ZZ;FERSA;2
14010931151001;AAS 6011 ZZ/C3;FERSA;20
14010932121001;AAS 6012 2RS/C3;FERSA;30
14010933121001;AAS 6013 2RS/C3;FERSA;3
14010933151190;AAS 6013 ZZ;FERSA;1
14010934101190;AAS 6014;FERSA;5
14010934141190;AAS 6014 ZZ;FERSA;4
14010934151190;AAS 6014 ZZ/C3;FERSA;27
14010935121190;AAS 6015 2RS/C3;FERSA;16
14010936101001;AAS 6016 2RS/C3;FERSA;10
14010940121001;AAS 6200 2RS/C3;FERSA;405
14010942121001;AAS 6202 2RS/C3;FERSA;12
14010942161001;AAS 6202 ZZ/C3;FERSA;290
14010943131001;AAS 6203 2RS/C3;FERSA;39
14010944111190;AAS 6204 2RS;FERSA;413
14010944121001;AAS 6204 2RS/C3;FERSA;242
14010944141001;AAS 6204 ZZ;FERSA;136
14010944161001;AAS 6204 ZZ/C3;FERSA;61
14010945101001;AAS 62/22 2RS/C3;FERSA;31
14010946101001;AAS 6205;FERSA;2
14010946131001;AAS 6205 2RS/C3;FERSA;2
14010946161190;AAS 6205 ZZ;FERSA;8
14010947111001;AAS 6206 2RS;FERSA;263
14010947121001;AAS 6206 2RS/C3;FERSA;50
14010947141001;AAS 6206 ZZ;FERSA;26
14010947161001;AAS 6206 ZZ/C3;FERSA;88
14010948111001;AAS 6207 2RS;FERSA;2
14010948121001;AAS 6207 2RS/C3;FERSA;77
14010949141190;AAS 6208 K 2RS;FERSA;2
14010949201001;AAS 6208 ZZ/C3;FERSA;10
14010950121001;AAS 6209 2RS/C3;FERSA;4
14010950171001;AAS 6209 ZZ/C3;FERSA;16
14010951101001;AAS 6210;FERSA;5
14010951121001;AAS 6210 2RS/C3;FERSA;10
14010951161190;AAS 6210 ZZ NR;FERSA;71
14010951171190;AAS 6210 ZZ/C3;FERSA;11
14010952141001;AAS 6211 Z NR;FERSA;80
14010952171001;AAS 6211 C3;FERSA;19
14010953131001;AAS 6212 2RS/C3;FERSA;1
14010953161001;AAS 6212 Z NR/C3;FERSA;80
14010953181190;AAS 6212 ZZ/C3;FERSA;10
14010954121001;AAS 6213 2RS/C3;FERSA;32
14010954151001;AAS 6213 ZZ;FERSA;4
14010954161001;AAS 6213 ZZ/C3;FERSA;13
14010954191001;AAS 6213 2RS NR/C3;FERSA;51
14010955141001;AAS 6214 ZZ;FERSA;3
14010956121001;AAS 6215 2RS/C3;FERSA;15
14010956131001;AAS 6215 NR/C3;FERSA;83
14010957121190;AAS 6216 2RS/C3;FERSA;25
14010957131001;AAS 6216 C3;FERSA;59
14010957141190;AAS 6216 C4;FERSA;36
14010957171001;AAS 6216 ZZ/C3;FERSA;12
14010958101001;AAS 6217 C3;FERSA;28
14010958111001;AAS 6217/80 C3;FERSA;193
14010959101001;AAS 6218 C3;FERSA;13
14010960151001;AAS 6300 ZZ/C3;FERSA;50
14010963121001;AAS 6303 2RS/C3;FERSA;120
14010963151001;AAS 6303 ZZ/C3;FERSA;39
14010964111001;AAS 6304 2RS;FERSA;187
14010964131001;AAS 6304 2RS/C3;FERSA;32
14010964181001;AAS 6304 ZZ/C3;FERSA;290
14010965111001;AAS 6305 2RS;FERSA;168
14010965131001;AAS 6305 2RS/C3;FERSA;1065
14010965191001;AAS 6305 ZZ/C3;FERSA;243
14010966111001;AAS 6306 2RS;FERSA;113
14010966131001;AAS 6306 2RS/C3;FERSA;88
14010966151190;AAS 6306 NR/C3;FERSA;19
14010966181001;AAS 6306 ZZ;FERSA;23
14010966211001;AAS 6306/25 2RS/C3;FERSA;111
14010967111190;AAS 63/32 NR/C3;FERSA;30
14010968101001;AAS 6307;FERSA;7
14010969131001;AAS 6308 2RS/C3;FERSA;164
14010969181190;AAS 6308 ZZ NR;FERSA;5
14010969191001;AAS 6308 ZZ/C3;FERSA;5
14010970111001;AAS 6309 2RS;FERSA;16
14010970121001;AAS 6309 2RS/C3;FERSA;6
14010970171001;AAS 6309 ZZ/C3;FERSA;23
14010971101001;AAS 6310;FERSA;3
14010971151001;AAS 6310 ZZ/C3;FERSA;20
14010972111001;AAS 6311 2RS;FERSA;242
14010972121001;AAS 6311 2RS/C3;FERSA;271
14010972161190;AAS 6311 ZZ/C3;FERSA;10
14010973101001;AAS 6312;FERSA;8
14010973121001;AAS 6312 2RS/C3;FERSA;2
14010973131001;AAS 6312 C3;FERSA;92
14010973141001;AAS 6312 NR/C3;FERSA;51
14010973171190;AAS 6312 ZZ/C3;FERSA;4
14010974121190;AAS 6313 2RS/C3;FERSA;2
14010974131190;AAS 6313 C4;FERSA;6
14010974171001;AAS 6313 C3;FERSA;5
14010975211124;AAS NKE_6314-2RS2-C3-MRO;NKE;4
14010976121001;AAS 6315 2RS/C3;FERSA;6
14010981151190;AAS 6404 ZZ/C3;FERSA;2
14010983151001;AAS 6406 ZZ/C3;FERSA;10
14010985121190;AAS 6408 2RS/C3;FERSA;3
14011022101001;AAS 62208 2RS;FERSA;10
14011025101001;AAS 62304 2RS/C3;FERSA;28
14011026101001;AAS 62305 2RS/C3;FERSA;988
14011027101001;AAS 62306 2RS/C3;FERSA;138
14011032121190;AAS 63/28 2RS/C3;FERSA;80
14011396001190;AAS F 18018;FERSA;3
14011397001190;AAS F 18019;FERSA;8
14011398001001;AAS F 18020;FERSA;3
14011400001190;AAS F 18022;FERSA;4
14011556001001;AAS F 18039;FERSA;311
14011625001190;AAS F 18041;FERSA;214
14011627001001;AAS F 18042;FERSA;103
14011909111001;AAS 16017/90 C3;FERSA;107
14012055001001;AAS F 18051;FERSA;20
14012207001001;AAS F 18052;FERSA;76
14012208001001;AAS F 18053;FERSA;13
14012236001001;AAS F 18037;FERSA;7
14012328001001;AAS F 18059;FERSA;24
14012445001001;AAS F 18056;FERSA;9
14012477001001;AAS 6017 NR;FERSA;28
14012500001001;AAS F 18036;FERSA;3
14012657001001;AAS 16017/90 C3+SPAC;FERSA;47
14012893001001;AAS F 18062;FERSA;13
14014319001113;AAS NKE_16002-2Z;NKE;6
14014320001124;AAS NKE_16002-2Z-C3-MRO;NKE;12
14014328111124;AAS NKE_16004-MRO;NKE;10
14014334001113;AAS NKE_16004-C3;NKE;5
14014341001113;AAS NKE_16005-2Z-C3;NKE;20
14014348001124;AAS NKE_16006-2Z-C3-MRO;NKE;8
14014362001124;AAS NKE_16008-2Z-C3-MRO;NKE;6
14014363001124;AAS NKE_16008-2Z-MRO;NKE;10
14014373111124;AAS NKE_16010-C3-MRO;NKE;13
14014380001113;AAS NKE_16012;NKE;10
14014381001124;AAS NKE_16012-C3-MRO;NKE;4
14014385001113;AAS NKE_16013-C3;NKE;2
14014385001124;AAS NKE_16013-C3-MRO;NKE;6
14014387111124;AAS NKE_16014-MRO;NKE;2
14014393001124;AAS NKE_16016-MRO;NKE;2
14014396001113;AAS NKE_16017-C3;NKE;1
14014411001113;AAS NKE_16024-C3;NKE;1
14014429001124;AAS NKE_4201-B-TV-MRO;NKE;1
14014430001124;AAS NKE_4202-B-TV-MRO;NKE;31
14014432001124;AAS NKE_4204-B-TV-MRO;NKE;30
14014436111124;AAS NKE_4206-B-TV-MRO;NKE;4
14014446001124;AAS NKE_4303-B-TV-MRO;NKE;1
14014451001124;AAS NKE_4308-B-TV-MRO;NKE;277
14014475111124;AAS NKE_6001-2RS2-C3-MRO;NKE;210
14014479131124;AAS NKE_6001-2Z-C3-MRO;NKE;100
14014495001113;AAS NKE_6003-2RS2-C3;NKE;315
14014515111124;AAS NKE_6005-2RS2-C3-MRO;NKE;250
14014520001113;AAS NKE_6005-2Z-C3;NKE;170
14014526001113;AAS NKE_6006-2RS2-C3;NKE;394
14014542001113;AAS NKE_6007-2RS2-C3;NKE;150
14014587001113;AAS NKE_6011-2RS2-C3;NKE;48
14014598001113;AAS NKE_6012-2Z-C3;NKE;60
14014615001113;AAS NKE_6014-2RSR-C3;NKE;2
14014617131124;AAS NKE_6014-2Z-C3-MRO;NKE;19
14014632131124;AAS NKE_6016-2Z-C3-MRO;NKE;20
14014640111124;AAS NKE_6017-2Z-C3-MRO;NKE;14
14014648001113;AAS NKE_6018-2Z-C3;NKE;7
14014652001190;AAS 6019 2RSR;FERSA;2
14014653141124;AAS NKE_6019-2RS2-C3-MRO;NKE;2
14014671001113;AAS NKE_6022-2RSR;NKE;2
14014701111124;AAS NKE_607-2RS2-C3-MRO;NKE;60
14014704001124;AAS NKE_607-2Z-C3-MRO;NKE;30
14014714001113;AAS NKE_608-2RSR-C3;NKE;310
14014724111124;AAS NKE_609-2RS2-C3-MRO;NKE;2
14014725001124;AAS NKE_609-2RSR-C3-MRO;NKE;50
14014753001113;AAS NKE_61800-2RSR;NKE;234
14014764001124;AAS NKE_61802-2Z-C3-MRO;NKE;10
14014772001124;AAS NKE_61804-2Z-MRO;NKE;30
14014773001124;AAS NKE_61804-2Z-C3-MRO;NKE;33
14014777001113;AAS NKE_61805-2RSR;NKE;34
14014779001113;AAS NKE_61805-2Z-C3;NKE;9
14014784001113;AAS NKE_61806-2RSR;NKE;69
14014785001124;AAS NKE_61806-2Z-C3-MRO;NKE;10
14014789001113;AAS NKE_61807-2RSR;NKE;16
14014789001124;AAS NKE_61807-2RSR-MRO;NKE;6
14014792001124;AAS NKE_61807-2Z-C3-MRO;NKE;10
14014804001113;AAS NKE_61809-2Z-C3;NKE;4
14014819001113;AAS NKE_61813-2Z-C3;NKE;10
14014823001124;AAS NKE_61814-2Z-MRO;NKE;4
14014872001124;AAS NKE_61824-2RSR-C3-MRO;NKE;2
14014881001124;AAS NKE_61828-2RSR-MRO;NKE;5
14014890161124;AAS NKE_61840-2RS-MRO;NKE;6
14014890171124;AAS NKE_61840-2RS-C3-MRO;NKE;6
14014903001113;AAS NKE_61900-2RSR;NKE;199
14014910001124;AAS NKE_61902-2RSR-MRO;NKE;95
14014922001124;AAS NKE_61904-2Z-MRO;NKE;2
14014923001113;AAS NKE_61904-2Z-C3;NKE;50
14014925121124;AAS NKE_61905-2RS-MRO;NKE;30
14014932001124;AAS NKE_61906-2Z-C3-MRO;NKE;4
14014939001113;AAS NKE_61908-2RSR;NKE;10
14014941001113;AAS NKE_61908-2Z-C3;NKE;60
14014945001124;AAS NKE_61909-2RSR-MRO;NKE;23
14014962001113;AAS NKE_61913-2RSR-C3;NKE;10
14014964111124;AAS NKE_61913-2Z-C3-MRO;NKE;4
14014967001124;AAS NKE_61914-2RSR-C3-MRO;NKE;12
14014994001124;AAS NKE_61922-2RSR-C3-MRO;NKE;6
14015011001113;AAS NKE_6200-2Z;NKE;1182
14015012121124;AAS NKE_6200-2Z-C3-MRO;NKE;52
14015021001113;AAS NKE_6201-2Z-C3;NKE;30
14015026001113;AAS NKE_6202;NKE;1
14015028001113;AAS NKE_6202-2RS2;NKE;655
14015044001113;AAS NKE_6203-2RS2-C3;NKE;262
14015047001113;AAS NKE_6203-2Z-C3;NKE;551
14015055001113;AAS NKE_6204-2RS2-C3;NKE;382
14015060001113;AAS NKE_6204-2Z-C3;NKE;240
14015069001113;AAS NKE_6205-2RS2;NKE;100
14015070001113;AAS NKE_6205-2RS2-C3;NKE;490
14015075001113;AAS NKE_6205-2Z-C3;NKE;8
14015096001113;AAS NKE_6206-2Z-C3;NKE;490
14015111001113;AAS NKE_6207-2Z-C3;NKE;4
14015123001113;AAS NKE_6208-2Z-C3;NKE;100
14015130001113;AAS NKE_6209-2Z-C3;NKE;11
14015130121124;AAS NKE_6209-2Z-C3-MRO;NKE;50
14015138001113;AAS NKE_6210-2Z-C3;NKE;38
14015138121124;AAS NKE_6210-2Z-C3-MRO;NKE;22
14015142001113;AAS NKE_6211;NKE;7
14015144001113;AAS NKE_6211-2RS2-C3;NKE;56
14015148001113;AAS NKE_6211-2Z-C3;NKE;50
14015167001113;AAS NKE_6213-2Z-C3;NKE;2
14015167141124;AAS NKE_6213-2Z-C3-MRO;NKE;4
14015181001113;AAS NKE_6215-2Z-C3;NKE;7
14015187001113;AAS NKE_6216-2RSR-C3;NKE;1
14015216001113;AAS NKE_6220-2Z-C3;NKE;3
14015223001113;AAS NKE_62209-2RSR;NKE;4
14015259111124;AAS NKE_62301-2RSR-MRO;NKE;10
14015270001124;AAS NKE_62309-2RSR-C3-MRO;NKE;4
14015280001113;AAS NKE_623-2Z-C3;NKE;20
14015303001113;AAS NKE_625-2Z;NKE;500
14015304001113;AAS NKE_625-2Z-C3;NKE;4
14015308001113;AAS NKE_626-2RSR;NKE;67
14015309001113;AAS NKE_626-2RSR-C3;NKE;10
14015316111124;AAS NKE_627-2Z-MRO;NKE;10
14015321001113;AAS NKE_628-2Z;NKE;60
14015326001124;AAS NKE_629-2Z-C3-MRO;NKE;24
14015332001113;AAS NKE_63002-2RSR;NKE;5
14015332111124;AAS NKE_63002-2RSR-MRO;NKE;25
14015337001113;AAS NKE_63003-2RSR;NKE;20
14015340001124;AAS NKE_63006-2RSR-MRO;NKE;20
14015342001124;AAS NKE_63008-2RSR-MRO;NKE;2
14015348001113;AAS NKE_6301-2RS2;NKE;1
14015351001113;AAS NKE_6301-2Z-C3;NKE;50
14015356131124;AAS NKE_6302-2RS2-C3-MRO;NKE;30
14015364111124;AAS NKE_6303-2RS2-C3-MRO;NKE;20
14015366001113;AAS NKE_6303-2Z-C3;NKE;121
14015371001113;AAS NKE_6304-2RS2;NKE;180
14015383111124;AAS NKE_6305-2RS2-C3-MRO;NKE;50
14015384001113;AAS NKE_6305-2Z;NKE;16
14015385001113;AAS NKE_6305-2Z-C3;NKE;20
14015394001113;AAS NKE_6306-2RS2-C3;NKE;80
14015396001113;AAS NKE_6306-2Z-C3;NKE;60
14015409001113;AAS NKE_6307-2Z-C3;NKE;47
14015422121124;AAS NKE_6308-2Z-C3-MRO;NKE;70
14015426001113;AAS NKE_6308-C3;NKE;70
14015433001113;AAS NKE_6309-2Z-C3;NKE;10
14015441001113;AAS NKE_6310-2Z-C3;NKE;39
14015442001113;AAS NKE_6310-C3;NKE;36
14015448161124;AAS NKE_6311-2Z-C3-MRO;NKE;20
14015450001113;AAS NKE_6311-C3;NKE;10
14015455001113;AAS NKE_6312-2Z-C3;NKE;2
14015460001113;AAS NKE_6313-2RSR-C3;NKE;10
14015467001113;AAS NKE_6314-2RSR-C3;NKE;2
14015469001113;AAS NKE_6314-2Z-C3;NKE;70
14015470001113;AAS NKE_6314-C3;NKE;26
14015479001113;AAS NKE_6316-2RSR-C3;NKE;2
14015481001113;AAS NKE_6316-2Z-C3;NKE;41
14015482001117;AAS NKE_6316-C3;NKE;18
14015498001113;AAS NKE_6319-2RSR-C3;NKE;10
14015501001113;AAS NKE_6319-C3;NKE;9
14015510001113;AAS NKE_6322-C3;NKE;2
14015514001113;AAS NKE_6326-C3;NKE;150
14015543001113;AAS NKE_6408-C3;NKE;2
14019095001124;AAS NKE_61909-2Z-C3-MRO;NKE;4
14019097001124;AAS NKE_61902-2Z-C3-MRO;NKE;250
14019108001124;AAS NKE_6018-M-C3-MRO;NKE;10
14019109001124;AAS NKE_6019-2Z-C3-MRO;NKE;3
14019172001124;AAS NKE_6028-2Z-C3-MRO;NKE;1
14019173001124;AAS NKE_6028-2Z-MRO;NKE;2
14019196001124;AAS NKE_62201-2RSR-C3-MRO;NKE;32
14019198001124;AAS NKE_62204-2RSR-C3-MRO;NKE;10
14019200121124;AAS NKE_62206-2RS2-C3-MRO;NKE;2
14019201001124;AAS NKE_62208-2RSR-C3-MRO;NKE;2
14019209001124;AAS NKE_62306-2RSR-C3-MRO;NKE;7
14019232001124;AAS NKE_6026-2RS-C3-MRO;NKE;2
14019238121124;AAS NKE_62305-2RS2-MRO;NKE;10
14019284001124;AAS NKE_16100-2Z-MRO;NKE;20
14019412001124;AAS NKE_62209-2RSR-C3-MRO;NKE;10
14019453121124;AAS NKE_6311-2RS2-C3-MRO;NKE;6
14019680161113;AAS NKE_6236-MA-C4;NKE;4
14019722001124;AAS NKE_61810-2Z-C3-MRO;NKE;2
14019751111124;AAS NKE_16026-C3-MRO;NKE;2
14020831001124;AAS NKE_16005-C3-MRO;NKE;10
14021096001001;AAS F 18066;FERSA;40
14021889001190;AAS 61915 C3;FERSA;12
14021996001113;AAS NKE_6300-2Z-C3;NKE;83
14022138001124;AAS NKE_635-2RSR-C3-MRO;NKE;8
14026268111124;AAS NKE_6220-2RS2-C3-MRO;NKE;2
14028177001124;AAS NKE__6406-2RS-C3-MRO;NKE;4
14216267001124;AAS NKE_STO20-MRO;NKE;3
14216871001124;AAS NKE_361201-MRO;NKE;30
14216903001124;AAS NKE_NUTR3580-MRO;NKE;10
14221012001124;AAS NKE_NATR17-PP-MRO;NKE;10
14221014001124;AAS NKE_NATR20-PP-MRO;NKE;20
14221028001124;AAS NKE_NATV10-PP-MRO;NKE;20
14222562111124;AAS NKE_NATR6-PP-MRO;NKE;20
14316308001113;AAS NKE_GAY35-NPPB;NKE;30
14316309001113;AAS NKE_GAY40-NPPB;NKE;20
14316324001113;AAS NKE_GYE20-KRRB;NKE;30
14316325001113;AAS NKE_GYE35-KRRB;NKE;50
14316347001190;AAS GE40-KRRB;FERSA;15
14316352001113;AAS NKE_RAE30-NPPB;NKE;6
14316358001113;AAS NKE_RAE25-NPP;NKE;2
14316363001113;AAS NKE_GYE25-KRRB;NKE;50
14316372001113;AAS NKE_GYE45-KRRB;NKE;50
14316373001113;AAS NKE_GYE40-KRRB;NKE;50
14316375001001;AAS GRAE30-NPPB;FERSA;32
14316381001113;AAS NKE_GAY20-NPPB;NKE;26
14511292001001;AAS 7210 B;FERSA;104
14514052001113;AAS NKE_3203-B-2RS-TV;NKE;12
14514055001124;AAS NKE_3205-B-TV-MRO;NKE;45
14514056001124;AAS NKE_3201-B-2RS-TV-MRO;NKE;10
14514059001124;AAS NKE_3202-B-TV-MRO;NKE;54
14514062001124;AAS NKE_3210-B-2RS-TV-MRO;NKE;20
14514065001113;AAS NKE_3207-B-2RS-TV-C3;NKE;52
14514071001113;AAS NKE_3205-B-2RS-TV;NKE;22
14514075001124;AAS NKE_3215-2Z-MRO;NKE;2
14514082001113;AAS NKE_3206-B-2Z-TV;NKE;6
14514088121124;AAS NKE_3208-B-2RS-TV-MRO;NKE;4
14514091001124;AAS NKE_3200-B-2Z-TV-MRO;NKE;14
14514098001113;AAS NKE_3307-B-2Z-TV;NKE;4
14514107001124;AAS NKE_3211-B-2RS-TV-MRO;NKE;8
14514108001113;AAS NKE_3208-B-2Z-TV;NKE;4
14514109001113;AAS NKE_3208-B-TV;NKE;3
14514117001113;AAS NKE_3206-B-2RS-TV-C3;NKE;6
14514117001124;AAS NKE_3206-B-2RS-TV-C3-MRO;NKE;20
14514123001113;AAS NKE_7207-BE-TVP-2RSR;NKE;2
14514125001124;AAS NKE_3203-B-2Z-TV-MRO;NKE;325
14514130001113;AAS NKE_3209-B-2RS-TV;NKE;4
14514136001124;AAS NKE_3304-B-2RS-TV-MRO;NKE;5
14514150001113;AAS NKE_3308-B-2RS-TV;NKE;2
14514150001124;AAS NKE_3308-B-2RS-TV-MRO;NKE;2
14514152001124;AAS NKE_3306-B-2RS-TV-MRO;NKE;30
14514153111124;AAS NKE_3312-B-TV-C3-MRO;NKE;5
14514202001113;AAS NKE_3208-B-J;NKE;1
14514214001124;AAS NKE_3317-M-C3-MRO;NKE;2
14514223001124;AAS NKE_3203-B-2RS-TV-C3-MRO;NKE;19
14514228001124;AAS NKE_3309-B-TV-C3-MRO;NKE;2
14514238001124;AAS NKE_3312-B-2Z-TV-MRO;NKE;4
14514246001124;AAS NKE_3212-B-TV-MRO;NKE;20
14514248001124;AAS NKE_3304-B-2Z-TV-MRO;NKE;40
14514249001124;AAS NKE_3306-B-2Z-TV-MRO;NKE;6
14514250001124;AAS NKE_3207-B-2Z-TV-C3-MRO;NKE;11
14514251001124;AAS NKE_3308-B-2Z-TV-C3-MRO;NKE;11
14514259001124;AAS NKE_3307-B-TV-C3-MRO;NKE;3
14514260001124;AAS NKE_3310-B-TV-C3-MRO;NKE;2
14514263001124;AAS NKE_3201-B-2RS-TV-C3-MRO;NKE;4
14514264001124;AAS NKE_3205-B-2RS-TV-C3-MRO;NKE;131
14514266001124;AAS NKE_3207-B-2RS-TV-C3-MRO;NKE;13
14514275001113;AAS NKE_3308-B-2RS-TV-C3;NKE;2
14514275001124;AAS NKE_3308-B-2RS-TV-C3-MRO;NKE;3
14514291001124;AAS NKE_3305-B-2RS-TV-C3-MRO;NKE;11
14514291101113;AAS NKE_3305-B-2RS-TV-C3;NKE;2
14514296001124;AAS NKE_3208-B-2RS-TV-C3-MRO;NKE;39
14514297001124;AAS NKE_3213-B-TV-C3-MRO;NKE;6
14514308001124;AAS NKE_3200-B-2RS-TV-C3-MRO;NKE;120
14516462001124;AAS NKE_3213-B-2RS-TV-MRO;NKE;2
14516466001124;AAS NKE_3306-B-TV-C3-MRO;NKE;1
14516468001124;AAS NKE_3211-B-2RS-TV-C3-MRO;NKE;5
14516469001124;AAS NKE_3212-B-2RS-TV-C3-MRO;NKE;1
14516470001124;AAS NKE_3213-B-2RS-TV-C3-MRO;NKE;4
14516473001124;AAS NKE_3310-B-2RS-TV-C3-MRO;NKE;5
14516488001124;AAS NKE_3200-B-2Z-TV-C3-MRO;NKE;46
14516491001124;AAS NKE_3202-B-2Z-TV-C3-MRO;NKE;10
14516493001113;AAS NKE_7203-BE-TVP;NKE;2
14516505001124;AAS NKE_3203-B-2Z-TV-C3-MRO;NKE;160
14516510001113;AAS NKE_7303-BE-TVP;NKE;1
14516513001113;AAS NKE_7304-BE-TVP;NKE;4
14516520001113;AAS NKE_7205-BE-TVP;NKE;2
14516520111113;AAS NKE_7205-BE-TVP-2RSR;NKE;10
14516520121124;AAS NKE_7205-BE-TVP-MRO;NKE;2
14516528001124;AAS NKE_3204-B-2RS-TV-C3-MRO;NKE;32
14516530001124;AAS NKE_3205-B-2Z-TV-C3-MRO;NKE;5
14516533001124;AAS NKE_3303-B-2RS-TV-C3-MRO;NKE;11
14516539001113;AAS NKE_7206-BE-TVP;NKE;2
14516545001113;AAS NKE_3304-B-2RS-TV-C3;NKE;30
14516545001124;AAS NKE_3304-B-2RS-TV-C3-MRO;NKE;76
14516556001113;AAS NKE_7207-BE-TVP;NKE;2
14516569001113;AAS NKE_7306-BECB-MP;NKE;4
14516575001124;AAS NKE_3306-B-2RS-TV-C3-MRO;NKE;6
14516587001113;AAS NKE_QJ307-MPA;NKE;8
14516604001113;AAS NKE_QJ210-MPA-C3;NKE;2
14516611001113;AAS NKE_7210-BECB-TVP;NKE;5
14516612001113;AAS NKE_7210-BE-TVP;NKE;2
14516623001124;AAS NKE_3209-B-2RS-TV-C3-MRO;NKE;4
14516624001124;AAS NKE_3209-B-2Z-TV-C3-MRO;NKE;4
14516635001113;AAS NKE_QJ211-MPA;NKE;6
14516641001113;AAS NKE_7309-BECB-TVP;NKE;2
14516648001113;AAS NKE_3309-B-2RS-TV-C3;NKE;4
14516648001124;AAS NKE_3309-B-2RS-TV-C3-MRO;NKE;2
14516649001124;AAS NKE_3309-B-2Z-TV-C3-MRO;NKE;4
14516658001124;AAS NKE_7212-BE-TVP-MRO;NKE;2
14516669001113;AAS NKE_QJ311-MPA;NKE;5
14516674001113;AAS NKE_7311-BE-TVP;NKE;1
14516677001124;AAS NKE_3310-B-2Z-TV-C3-MRO;NKE;1
14516716001113;AAS NKE_7313-BECB-J;NKE;1
14516726001113;AAS NKE_7217-BE-TVP;NKE;1
14516766001113;AAS NKE_QJ220-N2-MPA;NKE;4
14522216001124;AAS NKE_QJ309-MPA-MRO;NKE;2
15011293001001;AAS F 16001;FERSA;2
15011294001001;AAS F 16002;FERSA;23
15011311001001;AAS F 16019;FERSA;73
15011312001001;AAS F 16020;FERSA;10
15011313001001;AAS F 16021;FERSA;82
15011327001190;AAS F 16035;FERSA;34
15011331001190;AAS F 16039;FERSA;2
15011332001001;AAS F 16040;FERSA;14
15011344001001;AAS F 16052;FERSA;3
15011365001001;AAS F 16074;FERSA;1130
15011788001190;AAS F 16189;FERSA;6
15011842001001;AAS F 16107;FERSA;8
15011854001001;AAS F 16200;FERSA;342
15022017001001;AAS 3308 DP;FERSA;57
15025318111124;AAS NKE_3804-2RS-MRO;NKE;200
15115848001124;AAS NKE_1211-K-C3-MRO;NKE;30
15115854001124;AAS NKE_2208-2RS-TV-MRO;NKE;15
15115871001124;AAS NKE_2207-2RS-TV-MRO;NKE;4
15115872001113;AAS NKE_1200-TV-C3;NKE;4
15115878001124;AAS NKE_2215-K-C3-MRO;NKE;1
15115884001113;AAS NKE_1207-TV-C3;NKE;10
15115885001124;AAS NKE_1312-TV-C3-MRO;NKE;4
15115887001124;AAS NKE_1201-TV-MRO;NKE;1
15115889001113;AAS NKE_1204-TV-C3;NKE;10
15115890001124;AAS NKE_1205-TV-C3-MRO;NKE;13
15115899001124;AAS NKE_1311-K-TV-C3-MRO;NKE;2
15115900001124;AAS NKE_2212-C3-MRO;NKE;2
15115902001113;AAS NKE_2216-C3;NKE;2
15115905001113;AAS NKE_2307-2RS-TV;NKE;4
15115905001124;AAS NKE_2307-2RS-TV-MRO;NKE;2
15115910001190;AAS 2309;FERSA;10
15115910201124;AAS NKE_2309-2RS-MRO;NKE;6
15115912001124;AAS NKE_1203-TV-MRO;NKE;6
15115914001124;AAS NKE_1208-K-TV-C3-MRO;NKE;52
15115919001124;AAS NKE_2218-K-C3-MRO;NKE;2
15115922001124;AAS NKE_2211-TV-C3-MRO;NKE;5
15115925001124;AAS NKE_1207-K-TV-C3-MRO;NKE;21
15115928001124;AAS NKE_1309-K-TV-C3-MRO;NKE;1
15115929001124;AAS NKE_1312-K-TV-C3-MRO;NKE;3
15115933001124;AAS NKE_1212-MRO;NKE;3
15115935001124;AAS NKE_1213-K-C3-MRO;NKE;8
15115937001124;AAS NKE_1307-TV-C3-MRO;NKE;4
15115939001124;AAS NKE_2206-TV-MRO;NKE;2
15115945001124;AAS NKE_1206-TV-C3-MRO;NKE;65
15115946001124;AAS NKE_1212-K-C3-MRO;NKE;2
15115947001113;AAS NKE_1310-K-TV-C3;NKE;2
15115947001124;AAS NKE_1310-K-TV-C3-MRO;NKE;7
15115948001124;AAS NKE_1310-TV-C3-MRO;NKE;4
15115955001124;AAS NKE_2209-K-TV-C3-MRO;NKE;20
15115968001124;AAS NKE_2200-2RS-TV-MRO;NKE;83
15115970001124;AAS NKE_1205-TV-MRO;NKE;125
15115973001124;AAS NKE_1210-K-TV-C3-MRO;NKE;228
15115974001124;AAS NKE_1210-TV-C3-MRO;NKE;4
15115975001124;AAS NKE_1218-K-C3-MRO;NKE;2
15115990001124;AAS NKE_2208-TV-C3-MRO;NKE;2
15115994001124;AAS NKE_2205-2RS-TV-C3-MRO;NKE;3
15115997131124;AAS NKE_2308-2RS-TV-MRO;NKE;1
15115997151124;AAS NKE_2308-TV-C3-MRO;NKE;7
15116000001124;AAS NKE_2206-K-TV-C3-MRO;NKE;6
15116002001124;AAS NKE_1208-TV-C3-MRO;NKE;24
15116003001124;AAS NKE_2209-TV-C3-MRO;NKE;10
15116006001124;AAS NKE_2204-2RS-TV-C3-MRO;NKE;10
15116010001124;AAS NKE_2310-2RS-TV-MRO;NKE;4
15116013001124;AAS NKE_2208-K-TV-C3-MRO;NKE;2
15116017001124;AAS NKE_2210-K-TV-C3-MRO;NKE;8
15116026001124;AAS NKE_2206-K-2RS-TV-C3-MRO;NKE;28
15116027001124;AAS NKE_2207-K-TV-C3-MRO;NKE;2
15116028001124;AAS NKE_1313-C3-MRO;NKE;1
15116029001124;AAS NKE_2306-2RS-MRO;NKE;2
15116031001124;AAS NKE_1203-TV-C3-MRO;NKE;18
15116038001124;AAS NKE_2212-K-C3-MRO;NKE;3
15116039001124;AAS NKE_2201-2RS-TV-C3-MRO;NKE;7
15120111001124;AAS NKE_1209-TV-C3-MRO;NKE;30
15120117001124;AAS NKE_1216-K-C3-MRO;NKE;1
15120118001124;AAS NKE_1222-K-C3-MRO;NKE;1
15120119001124;AAS NKE_1302-TV-MRO;NKE;2
15120121001113;AAS NKE_1305-TV-C3;NKE;8
15120123001124;AAS NKE_1309-TV-C3-MRO;NKE;2
15120125001124;AAS NKE_1311-TV-C3-MRO;NKE;2
15120132001124;AAS NKE_2203-2RS-TV-C3-MRO;NKE;10
15120134001124;AAS NKE_2206-2RS-TV-C3-MRO;NKE;12
15120137001113;AAS NKE_2209-2RS-TV-C3;NKE;3
15120137001124;AAS NKE_2209-2RS-TV-C3-MRO;NKE;4
15120146001124;AAS NKE_2211-K-2RS-TV-C3-MRO;NKE;10
15120156001124;AAS NKE_2304-TV-MRO;NKE;4
15120159001124;AAS NKE_2306-K-TV-C3-MRO;NKE;2
15120160001124;AAS NKE_2306-TV-C3-MRO;NKE;4
15120161001124;AAS NKE_2309-TV-MRO;NKE;4
15121808001124;AAS NKE_1308-K-TV-C3-MRO;NKE;38
15121815001124;AAS NKE_1317-K-C3-MRO;NKE;2
15121824001124;AAS NKE_2217-MRO;NKE;1
15121877141124;AAS NKE_1214-C3-MRO;NKE;2
15121878001124;AAS NKE_1215-K-C3-MRO;NKE;4
15121881001124;AAS NKE_2213-K-2RS-C3-MRO;NKE;4
15122124001124;AAS NKE_1308-TV-C3-MRO;NKE;6
15122277001124;AAS NKE_1211-C3-MRO;NKE;6
15128171001124;AAS NKE_2309-C3-MRO;NKE;9
15128172001124;AAS NKE_2310-C3-MRO;NKE;4
16010326001001;AAS F 15059;FERSA;35
16011404001001;AAS F 18031;FERSA;1
16011520001001;AAS F 15118;FERSA;71
16011551001001;AAS F 15140;FERSA;20
16011551001068;AAS F 15140;FERSA;4
16011552001001;AAS F 15141;FERSA;60
16523106011001;CLAC P 001;FERSA;139
16525612011001;CLAC P 002;FERSA;4
16525618001001;CLAC M 005;FERSA;1
16525619001001;CLAC M 006;FERSA;4
16525620001001;CLAC M 007;FERSA;15
16525626001001;CLAC M 013;FERSA;13
16525871011001;CLAC P 003;FERSA;7
16526195001001;CLAC M 017;FERSA;4
16526763001001;CLAC H 001;FERSA;5
17010307001001;AAS F 15031;FERSA;2
17012926001124;AAS NKE_51108-MRO;NKE;4
17012928001113;AAS NKE_51207;NKE;4
17012928001124;AAS NKE_51207-MRO;NKE;51
17012930001124;AAS NKE_51111-MRO;NKE;4
17012937111124;AAS NKE_51218-MRO;NKE;10
17012939001124;AAS NKE_51118-MRO;NKE;3
17012945001113;AAS NKE_51106;NKE;4
17012954001113;AAS NKE_51116;NKE;1
17012957001124;AAS NKE_51209-MRO;NKE;4
17012959001124;AAS NKE_51212-MRO;NKE;5
17012962001124;AAS NKE_51113-MRO;NKE;6
17012966001113;AAS NKE_51205;NKE;4
17012972001124;AAS NKE_51107-MRO;NKE;4
17012974001124;AAS NKE_51206-MRO;NKE;40
17012975001124;AAS NKE_51208-MRO;NKE;36
17012976001124;AAS NKE_51220-MRO;NKE;2
17012981001124;AAS NKE_51104-MRO;NKE;10
17020753001124;AAS NKE_51200-MRO;NKE;4
17020905121113;AAS NKE_51134-MP;NKE;8
17020909001124;AAS NKE_51314-MRO;NKE;12
18011508001001;AAS QJ 208 FM;FERSA;23
18011510001001;AAS QJ 209 FM;FERSA;98
18011512001190;AAS QJ 211 FM;FERSA;1
18011514001001;AAS QJ 212 FM;FERSA;146
18011516001001;AAS QJ 309 FM;FERSA;135
19011407001001;AAS F 19001;FERSA;16
19011408001001;AAS F 19002;FERSA;328
19011410001001;AAS F 19004;FERSA;14
19011411001001;AAS F 19005;FERSA;507
19011412001001;AAS F 19006;FERSA;35
19011414001001;AAS F 19009;FERSA;2
19011415001001;AAS F 19010;FERSA;8
19011416001001;AAS F 19011;FERSA;82
19011417001001;AAS F 19012;FERSA;104
19011418001001;AAS F 19013;FERSA;453
19011419001001;AAS F 19014;FERSA;4
19011420001001;AAS F 19015;FERSA;247
19011421001001;AAS F 19016;FERSA;51
19011424001001;AAS F 19019;FERSA;8
19011425001001;AAS F 19020;FERSA;40
19011427001190;AAS F 19023;FERSA;2
19011432001190;AAS F 19030;FERSA;23
19011433001001;AAS F 19031;FERSA;42
19011435001001;AAS F 19033;FERSA;63
19011436001001;AAS F 19034;FERSA;112
19011437001001;AAS F 19035;FERSA;1
19011438001190;AAS F 19037;FERSA;4
19011439001001;AAS F 19038;FERSA;1
19011440001190;AAS F 19039;FERSA;49
19011441001001;AAS F 19042;FERSA;72
19011442001001;AAS F 19043;FERSA;35
19011443001190;AAS F 19044;FERSA;60
19011444001001;AAS F 19046;FERSA;1
19011445001001;AAS F 19047;FERSA;143
19011453001190;AAS NU 2306 FM/C3;FERSA;79
19011457001190;AAS NU 2307 FM/C3;FERSA;2
19011458001001;AAS NU 1008 FM;FERSA;2
19011461001190;AAS NU 208 FMN/C3;FERSA;228
19011466001001;AAS NU 209 FMN/C3;FERSA;5
19011467001001;AAS NU 209 FN/C3;FERSA;220
19011471001001;AAS NU 310 FM;FERSA;2
19011473001190;AAS NU 310 FMN/C3;FERSA;8
19011476001001;AAS NU 2216 FM;FERSA;6
19011477001001;AAS NJ 2205 FM/C3;FERSA;19
19011480001190;AAS NJ 306 FM;FERSA;139
19011483001190;AAS NJ 308 FM;FERSA;6
19011484001001;AAS NJ 309 FM;FERSA;8
19011485001190;AAS NJ 210 FM/C3;FERSA;29
19011487001001;AAS NJ 1014 FM;FERSA;9
19011490001001;AAS N 307 FM;FERSA;115
19011495001190;AAS NUP 308 FM;FERSA;2
19011496001001;AAS NUP 209 FM;FERSA;3
19011497001001;AAS NUP 309 FM;FERSA;5
19011499001001;AAS NUP 309 FN/C3;FERSA;9
19011500001190;AAS NUP 310 FM/C3;FERSA;115
19011501001001;AAS NUP 211 FM/C3;FERSA;7
19011502001001;AAS NUP 311 FMNR/C3;FERSA;10
19011505001190;AAS NUP 2212 FMNR/C3;FERSA;12
19011506001001;AAS NUP 312 FMNR/C3;FERSA;5
19011507001001;AAS NUP 314 FMNR/C3;FERSA;6
19011521001001;AAS F 19065;FERSA;1
19011527001001;AAS F 19063;FERSA;26
19011582001001;AAS F 19067;FERSA;8
19011626001001;AAS F 19069;FERSA;209
19011629001001;AAS F 19068;FERSA;10
19011631001001;AAS NUP 213 FPNR/C3;FERSA;23
19011635001001;AAS F 19071;FERSA;23
19011791001001;AAS NUP 310 FNR/C3;FERSA;284
19011800001001;AAS F 19076;FERSA;2
19011802001001;AAS F 19075;FERSA;4
19011806001190;AAS NUP 308 FMNR/C3;FERSA;19
19011882001001;AAS F 19078;FERSA;10
19012010001001;AAS F 19085;FERSA;4
19012161001001;AAS F 19081;FERSA;5
19012248001001;AAS NUP 2212 FP/C3;FERSA;1
19012311001001;AAS F 19087;FERSA;82
19012333001001;AAS F 19088;FERSA;22
19012417001001;AAS NUP 308 FM/C3;FERSA;18
19012460001001;AAS F 19090;FERSA;238
19012532001001;AAS F 19008;FERSA;104
19012540001001;AAS F 19040;FERSA;2
19012754001001;AAS F 19096;FERSA;181
19012785001001;AAS F 19094;FERSA;4
19012854001001;AAS F 19097;FERSA;238
19012865001001;AAS F 19100;FERSA;4
19013403001113;AAS NKE_NUP205-E-TVP3-C3;NKE;4
19013406001113;AAS NKE_NU308-E-TVP3-C3;NKE;4
19013453001113;AAS NKE_NU206-E-TVP3;NKE;4
19013463001124;AAS NKE_NJ2307-E-TVP3-C3-MRO;NKE;7
19013473001124;AAS NKE_NJ202-E-TVP3-MRO;NKE;10
19013476001113;AAS NKE_NJ205-E-TVP3-C3;NKE;4
19013484001124;AAS NKE_NUP209-E-TVP3-MRO;NKE;5
19013492001124;AAS NKE_NJ2204-E-TVP3-MRO;NKE;2
19013493001124;AAS NKE_NJ305-E-TVP3-MRO;NKE;27
19013496001124;AAS NKE_NU207-E-TVP3-C3-MRO;NKE;11
19013507001113;AAS NKE_NUP206-E-TVP3-C3;NKE;12
19013507111124;AAS NKE_NUP206-E-TVP3-C3-MRO;NKE;1
19013520001113;AAS NKE_NU206-E-TVP3-C3;NKE;13
19013523121124;AAS NKE_NU2207-E-TVP3-C3-MRO;NKE;4
19013568001124;AAS NKE_NJ307-E-TVP3-C3-MRO;NKE;18
19013580001113;AAS NKE_NJ2306-E-TVP3-C3;NKE;2
19013643001124;AAS NKE_NU208-E-TVP3-C3-MRO;NKE;10
19013682001124;AAS NKE_NJ2309-E-TVP3-C3-MRO;NKE;8
19013713001124;AAS NKE_NJ309-E-TVP3-C3-MRO;NKE;15
19013717001124;AAS NKE_NJ306-E-TVP3-C3-MRO;NKE;2
19013718001124;AAS NKE_NJ2205-E-TVP3-C3-MRO;NKE;2
19013820001113;AAS NKE_NCF2938-V-C3;NKE;10
19013841101124;AAS NKE_NJ202-E-TVP3-C3-MRO;NKE;2
19013866001124;AAS NKE_NCF3012-V-C3-MRO;NKE;8
19013885111124;AAS NKE_NU209-E-TVP3-MRO;NKE;1
19013915001124;AAS NKE_NU305-E-TVP3-C3-MRO;NKE;4
19013936001124;AAS NKE_NJ208-E-TVP3-MRO;NKE;1
19013964001124;AAS NKE_NJ206-E-TVP3-MRO;NKE;20
19014040001124;AAS NKE_NU309-E-TVP3-C3-MRO;NKE;6
19014041001124;AAS NKE_NUP2207-E-TVP3-C3-MRO;NKE;1
19014043001124;AAS NKE_NJ208-E-TVP3-C3-MRO;NKE;14
19014047001124;AAS NKE_NU203-E-TVP3-C3-MRO;NKE;3
19016412001001;AAS NJ 309 FP;FERSA;10
19016970001124;AAS NKE_NUP2308-E-TVP3-MRO;NKE;6
19017033001113;AAS NKE_NCF1876-V;NKE;2
19017119001113;AAS NKE_NJ2304-E-TVP3-C3;NKE;1
19017119001124;AAS NKE_NJ2304-E-TVP3-C3-MRO;NKE;7
19017136001113;AAS NKE_NJ2305-E-TVP3;NKE;4
19017138001113;AAS NKE_NNF5007-A-2LS-V-2NR;NKE;1
19017191001124;AAS NKE_NU210-E-TVP-C3-MRO;NKE;88
19017211001124;AAS NKE_NJ2209-E-TVP3-C3-MRO;NKE;6
19017448111124;AAS NKE_NUP2210-E-TVP3-C3-MRO;NKE;2
19017487001113;AAS NKE_NU211-E-TVP3;NKE;20
19017507001296;AAS NKE_NJ211-E-TVP3;NKE;2
19017547001296;AAS NKE_NUP310-E-TVP3-C3;NKE;4
19017553111124;AAS NKE_NJ212-E-TVP3-C3-MRO;NKE;4
19017560001113;AAS NKE_NJ2212-E-TVP3-C3;NKE;1
19017585001113;AAS NKE_NJ310-E-TVP3;NKE;2
19017629001296;AAS NKE_NUP213-E-TVP3-C3;NKE;2
19017653001124;AAS NKE_NUP311-E-TVP3-C3-MRO;NKE;2
19017705001113;AAS NKE_NJ2311-E-TVP3-C3;NKE;3
19017718111124;AAS NKE_NU2311-E-TVP3-C3-MRO;NKE;6
19017798001296;AAS NKE_NJ215-E-TVP3-C3;NKE;2
19017839001113;AAS NKE_NUP312-E-TVP3-C3;NKE;1
19017895001124;AAS NKE_NJ216-E-TVP3-C3-MRO;NKE;10
19017932001296;AAS NKE_NJ2216-E-TVP3-C3;NKE;10
19017952001113;AAS NKE_NJ313-E-TVP3-C4;NKE;2
19017980001296;AAS NKE_NU2313-E-TVP3-C3;NKE;4
19018018001113;AAS NKE_NUP314-E-TVP3-C3;NKE;2
19018207001296;AAS NKE_NU316-E-TVP3-C3;NKE;2
19018714001296;AAS NKE_NU322-E-M6-C3;NKE;3
19018747001296;AAS NKE_NUP228-E-M6;NKE;6
19022227001001;AAS F 19134;FERSA;1
19022304001001;AAS F 19141;FERSA;209
19022466001001;AAS F 19142;FERSA;7
19022523001001;AAS F 19144;FERSA;47
19022739001001;AAS F 19159;FERSA;71
19023583111124;AAS NKE_NU1008-M-C3-MRO;NKE;5
19121138001124;AAS NKE_81106-TVPB-MRO;NKE;1
19121140001124;AAS NKE_81108-TVPB-MRO;NKE;4
19121142001124;AAS NKE_81110-TVPB-MRO;NKE;10
19228236101113;AAS NKE_NNCF5028-V-C3-2S;NKE;1
20010898001001;AAS T 177;FERSA;28
20010900001190;AAS T 199;FERSA;1
21010061001001;AAS U 399/U 360 L;FERSA;4
21012624001001;AAS U 399/U 365 L-C;FERSA;10
23012301001001;AAS F 17032 K;FERSA;41
23012302001001;AAS F 17033 K;FERSA;9
23012303001001;AAS F 17034 K;FERSA;15
23012304001001;AAS F 17035 K;FERSA;246
23012309001001;AAS F 17040 K;FERSA;9
23012310001001;AAS F 17041 K;FERSA;14
23012334001001;AAS F 17043 K;FERSA;65
23012335001001;AAS F 17044 K;FERSA;3
23012336001001;AAS F 17045 K;FERSA;8
23012337001001;AAS F 17046 K;FERSA;33
23012450001001;AAS F 17053 K;FERSA;29
23012451001001;AAS F 17054 K;FERSA;26
23012456001001;AAS F 17079 K;FERSA;89
23012458001001;AAS F 17089 K;FERSA;84
23012459001001;AAS F 17076 K;FERSA;62
23012461001001;AAS F 17077 K;FERSA;53
23012462001001;AAS F 17080 K;FERSA;40
23012564001001;AAS F 17092 K;FERSA;2
23012565001001;AAS F 17093 K;FERSA;70
23012566001001;AAS F 17094 K;FERSA;47
23012567001001;AAS F 17095 K;FERSA;32
23012577001001;AAS F 17096 K;FERSA;12
23012578001001;AAS F 17097 K;FERSA;121
23012585001001;AAS F 17062 K;FERSA;47
23012586001001;AAS F 17063 K;FERSA;24
23012587001001;AAS F 17064 K;FERSA;3
23012815001001;AAS F 17085 K;FERSA;37
23012816001001;AAS F 17082 K;FERSA;18
23012817001001;AAS F 17084 K;FERSA;60
23012818001001;AAS F 17081 K;FERSA;30
23012819001001;AAS F 17087 K;FERSA;6
23012822001001;AAS F 17088 K;FERSA;1
23012823001001;AAS F 17099 K;FERSA;7
23012843001001;AAS F 17105 K;FERSA;22
23012891001001;AAS F 17115 K;FERSA;78
23012916001001;AAS F 17106 K;FERSA;12
23012917001001;AAS F 17107 K;FERSA;93
23012918001001;AAS F 17108 K;FERSA;2
23016057001113;AAS NKE_HK1816;NKE;4
23016081001124;AAS NKE_NA4905-MRO;NKE;10
23020987001124;AAS NKE_NA4904-2RSR-MRO;NKE;72
23020990001124;AAS NKE_NA4907-2RSR-MRO;NKE;13
23021004001124;AAS NKE_NA6903-MRO;NKE;3
23021191001124;AAS NKE_BK3038-MRO;NKE;2
23021192001124;AAS NKE_BK4020-MRO;NKE;10
23021196001124;AAS NKE_HK0608-MRO;NKE;10
23021200001113;AAS NKE_HK0810;NKE;4
23021204001124;AAS NKE_HK1010-MRO;NKE;4
23021206001124;AAS NKE_HK1210-MRO;NKE;16
23021207001124;AAS NKE_HK1212-MRO;NKE;100
23021209001124;AAS NKE_HK1312-MRO;NKE;6
23021211001113;AAS NKE_HK1412;NKE;6
23021212001124;AAS NKE_HK1416-MRO;NKE;6
23021213001113;AAS NKE_HK1512;NKE;22
23021213001124;AAS NKE_HK1512-MRO;NKE;10
23021215001124;AAS NKE_HK1516-MRO;NKE;210
23021216001124;AAS NKE_HK1522-MRO;NKE;10
23021218001124;AAS NKE_HK1612-MRO;NKE;13
23021223001124;AAS NKE_HK1712-MRO;NKE;2
23021230001124;AAS NKE_HK2012-MRO;NKE;4
23021231001124;AAS NKE_HK2014-MRO;NKE;4
23021233001124;AAS NKE_HK2020-MRO;NKE;4
23021237001124;AAS NKE_HK2216-MRO;NKE;2
23021245001124;AAS NKE_HK2816-MRO;NKE;2
23021248001124;AAS NKE_HK3016-MRO;NKE;3
23021256001124;AAS NKE_HK4012-MRO;NKE;66
23021257001124;AAS NKE_HK4016-MRO;NKE;21
23021258001124;AAS NKE_HK4020-MRO;NKE;16
23021264001124;AAS NKE_HK5520-MRO;NKE;5
23021265001124;AAS NKE_HK5528-MRO;NKE;49
23021266001124;AAS NKE_HK6012-MRO;NKE;10
23021384001124;AAS NKE_NK12/16-MRO;NKE;2
23021390001113;AAS NKE_NK16/16;NKE;2
23021403001124;AAS NKE_NK22/20-MRO;NKE;8
23021405001124;AAS NKE_NK24/20-MRO;NKE;4
23021407001124;AAS NKE_NK25/20-MRO;NKE;36
23021411001124;AAS NKE_NK28/30-MRO;NKE;6
23021413001124;AAS NKE_NK29/30-MRO;NKE;6
23021416001124;AAS NKE_NK32/30-MRO;NKE;22
23021422001113;AAS NKE_NK40/30;NKE;12
23021422001124;AAS NKE_NK40/30-MRO;NKE;4
23021427001124;AAS NKE_NK45/20-MRO;NKE;8
23021437001124;AAS NKE_NK65/25-MRO;NKE;2
23021470001124;AAS NKE_NKI25/20-MRO;NKE;6
23021471001124;AAS NKE_NKI25/30-MRO;NKE;4
23021473001124;AAS NKE_NKI28/30-MRO;NKE;3
23021474001124;AAS NKE_NKI30/20-MRO;NKE;2
23021475001124;AAS NKE_NKI30/30-MRO;NKE;8
23021476001124;AAS NKE_NKI32/30-MRO;NKE;6
23021483001113;AAS NKE_NKI45/25;NKE;2
23021483001124;AAS NKE_NKI45/25-MRO;NKE;2
23021501001124;AAS NKE_NKI100/30-MRO;NKE;1
23021528001124;AAS NKE_NKS50-MRO;NKE;4
23022183001124;AAS NKE_NKIA5907-MRO;NKE;10
23022618001124;AAS NKE_RNA69/22-MRO;NKE;10
23022717001124;AAS NKE_NKIA59/22-MRO;NKE;10
23221754001124;AAS NKE_NKX35-Z-MRO;NKE;4
25110011001001;FDRK EV91 OB;FERSA;11
25110019001001;FTRK 3423 OB;FERSA;2
25110021001001;FDRK HL6;FERSA;2
25110025001001;FTRK G85-6 OB V1;FERSA;87
25110030001001;FDRK 4375 OB;FERSA;1
25110040001001;FDRK R780 OB;FERSA;14
25110053001001;FDRK RB660 OB;FERSA;31
25110054001001;FTRK 510 OB;FERSA;4
25110055001001;FTRK 510A OB;FERSA;4
25110056001001;FTRK 511 OB;FERSA;3
25110057001001;FTRK 511A OB;FERSA;25
25110086001001;FTRK GRS 900 OB;FERSA;42
25110087001001;FTRK VT2214B OB;FERSA;4
25110088001001;FDRK RB662 OB;FERSA;28
25110089001001;FDRK MS140 OB;FERSA;9
25110090001001;FDRK MS240 OB;FERSA;1
25110093001001;FTRK G240-16 OB;FERSA;2
25110110001001;FDRK MS185 OB;FERSA;7
25110116001001;FDRK RP835 OB;FERSA;2
25110117001001;FDRK RBP835 OB;FERSA;25
25110118001001;FDRK RTS2370 REAR OB;FERSA;12
25110119001001;FDRK RTS2370 INTERM OB;FERSA;2
25110139001001;FDRK HL5 OB;FERSA;23
25110146001001;FDRK HL7 OB;FERSA;1
25110153001001;FDRK HL4 OB;FERSA;2
25110311001001;FDRK MS18X OB;FERSA;7
25110384001001;FDRK MAN HY1350 OB;FERSA;9
25110393001001;FTRK GRS 905 OB;FERSA;12
27010012001190;AAS 11 BC;FERSA;8
28013007001113;AAS NKE_22212-E-K-C3-W33;NKE;9
28013007001124;AAS NKE_22212-E-K-C3-W33-MRO;NKE;12
28013017001124;AAS NKE_22226-E-K-C3-W33-MRO;NKE;13
28013023001113;AAS NKE_22230-E-C3-W33;NKE;4
28013040001113;AAS NKE_22320-E-C3-W33;NKE;2
28013041001124;AAS NKE_22320-E-K-C3-W33-MRO;NKE;6
28013043001113;AAS NKE_22322-E-C3-W33;NKE;3
28013044001113;AAS NKE_22322-E-K-C3-W33;NKE;2
28013177001113;AAS NKE_23220-MB-C3-W33;NKE;12
28013178001124;AAS NKE_23220-MB-W33-MRO;NKE;4
28013263001113;AAS NKE_24026-CE-C3-W33;NKE;1
28013265001113;AAS NKE_24032-CE-C3-W33;NKE;2
28020287001113;AAS NKE_22205-E-C3-W33;NKE;12
28020288001113;AAS NKE_22205-E-K-C3-W33;NKE;6
28020293001113;AAS NKE_22206-E-K-C3-W33;NKE;4
28020296001113;AAS NKE_22207-E-C3-W33;NKE;34
28020305001113;AAS NKE_22209-E-C3-W33;NKE;60
28020310001113;AAS NKE_22210-E-K-C3-W33;NKE;10
28020315001113;AAS NKE_22211-E-K-C3-W33;NKE;8
28020323001113;AAS NKE_22214-E-C3-W33;NKE;9
28020328001113;AAS NKE_22215-E-C3-W33;NKE;4
28020332121124;AAS NKE_22216-E-C3-W33-MRO;NKE;21
28020343001113;AAS NKE_22218-E-K-C3-W33;NKE;15
28020346001113;AAS NKE_22219-E-C3-W33;NKE;2
28020351001113;AAS NKE_22220-E-K-C3-W33;NKE;4
28020353001113;AAS NKE_22222-E-C3-W33;NKE;1
28020354001113;AAS NKE_22222-E-K-C3-W33;NKE;4
28020385001113;AAS NKE_22309-E-W33;NKE;4
28020391001113;AAS NKE_22311-E-C3-W33;NKE;6
28020438111113;AAS NKE_22322-MB-C4-W33;NKE;4
28020441001113;AAS NKE_22324-MA2-C4-SQ34;NKE;2
28020511001113;AAS NKE_23122-CE-C3-W33;NKE;8
28020588001113;AAS NKE_24024-CE-C3-W33;NKE;4
28021934111124;AAS NKE_23228-CE-K-C3-W33-MRO;NKE;5
28027981001124;AAS NKE_23128-CE-C3-W33-MRO;NKE;5
28028002001124;AAS NKE_23022-CE-C3-W33-MRO;NKE;6
28028076111113;AAS NKE_23126-CE-C3-W33;NKE;5
28113347001113;AAS NKE_29330-E-MB;NKE;2
28120637001113;AAS NKE_29412-E;NKE;4
28120637111124;AAS NKE_29412-E-MRO;NKE;2
28120643001113;AAS NKE_29418-E;NKE;1
28221616001124;AAS NKE_GE70-ES-MRO;NKE;2
41410113001113;AAS NKE_LCTE05;NKE;10
41410131111113;AAS NKE_GLCTE06;NKE;10
51210038001001;BTC 038;FERSA;2
51210114001001;BTC JM 720249;FERSA;5
53010100001124;AAS NKE_MB6-MRO;NKE;60
53010103001124;AAS NKE_MB18-MRO;NKE;12
53010105001124;AAS NKE_MB7-MRO;NKE;20
53010108001124;AAS NKE_MB20-MRO;NKE;12
53010109001124;AAS NKE_MB8-MRO;NKE;20
66010014001001;KRBC F 200013 V0;FERSA;4
66010015001001;KRBC F 200014;FERSA;27
66010063101099;KRBC F 200032;FERSA;610
66010097001001;KRBC F 200023;FERSA;24
AS100002001501;30203;A&S;284
AS100003001501;30204;A&S;5047
AS100004001501;30205;A&S;64
AS100005001501;30206;A&S;1950
AS100006001501;30207;A&S;230
AS100006001599;30207;A&S;23
AS100007001501;30208;A&S;545
AS100008001501;30209;A&S;282
AS100009001501;30210;A&S;38
AS100010001501;30211;A&S;16
AS100019001501;30305;A&S;6
AS100022001501;30308;A&S;212
AS100025001501;30312;A&S;20
AS100031001501;32206;A&S;5
AS100033001501;32208;A&S;10
AS100034001501;32209;A&S;67
AS100035001501;32210;A&S;472
AS100036001501;32211;A&S;17
AS100039001501;32214;A&S;8
AS100041001501;32216;A&S;146
AS100043001515;32218;A&S;350
AS100049001501;32306;A&S;32
AS100059001501;33019;A&S;56
AS100060001501;33020;A&S;20
AS100061001501;33021;A&S;495
AS100065001501;33111;A&S;139
AS100073001501;33207;A&S;59
AS100074001501;33208;A&S;10
AS100076001501;33210;A&S;61
AS100079001501;33213;A&S;40
AS100080001501;33214;A&S;73
AS100081001501;33215;A&S;35
AS100090001501;15101/245;A&S;12
AS100092001501;15106/250 X;A&S;104
AS100105001501;25590/22;A&S;98
AS100106001501;25590/23;A&S;10
AS100107001501;25877/21;A&S;71
AS100108001501;27687/20;A&S;209
AS100109001501;2780/20;A&S;52
AS100122001501;31594/20;A&S;435
AS100127001501;32005 X;A&S;6
AS100128001501;32006 X;A&S;40
AS100129001501;32007 X;A&S;32
AS100130001501;32008 X;A&S;32
AS100132001501;32009 X;A&S;264
AS100133001501;32010 X;A&S;179
AS100134001501;32011 X;A&S;10
AS100142001501;32020 X;A&S;74
AS100144001501;368 A/362 A;A&S;10
AS100145001501;37431 A/625;A&S;320
AS100147001501;3780/20;A&S;30
AS100148001501;3782/20;A&S;267
AS100149001501;387 A/382 A;A&S;101
AS100152001501;395/394 A;A&S;14
AS100158001501;3982/20;A&S;63
AS100162001501;45291/20;A&S;2
AS100175001501;72212 C/487;A&S;9
AS100181001501;HM 807046/10;A&S;118
AS100185001501;L 45449/10;A&S;6
AS100188001501;JL 68145/11 Z;A&S;12
AS100189001501;L 68149/11;A&S;17
AS100194001501;LM 11749/10;A&S;275
AS100195001501;LM 11949/10;A&S;1673
AS100197001501;LM 12749/10;A&S;70
AS100201001501;LM 300849/11;A&S;14
AS100202001501;LM 48548/10;A&S;486
AS100204001501;LM 501349/10;A&S;700
AS100208001501;LM 603049/12;A&S;8
AS100209001501;LM 67048/10;A&S;3082
AS100211001501;M 12649/10;A&S;10
AS100212001501;M 201047/11;A&S;4
AS100213001501;M 802048/11;A&S;114
AS100214001501;M 84548/10;A&S;338
AS100215001501;M 86649/10;A&S;50
AS100218001501;U 298/U 261 L-C;A&S;17
AS100219001501;U 399/U 360 L-A;A&S;2
AS100221001501;580/572;A&S;103
AS100226001501;HM 218248/10;A&S;24
AS100243001501;33895/22;A&S;3
AS100244001501;39590/20;A&S;119
AS100247001501;594/592 A;A&S;59
AS100249001501;JM 716649/10;A&S;31
AS100261001501;JF 7049 A/10;A&S;64
AS100263001501;HM 89440/10;A&S;157
AS100264001501;31312;A&S;43
AS100271001501;33116;A&S;401
AS100276001501;1280/20;A&S;12
AS100277001501;JLM 104948/10;A&S;128
AS100293001501;33011;A&S;56
AS100305001501;67390/22;A&S;4
AS100313001501;HM 88649/10;A&S;154
AS100317001501;HM 89449/10;A&S;93
AS100322001501;JP 12049/10;A&S;14
AS100332001501;M 84249/10;A&S;11
AS100359001501;2689/31;A&S;66
AS100360001501;25581/20;A&S;32
AS100363001501;HM 89446/10;A&S;13
AS100369001501;462/453 X;A&S;2
AS100380001501;JM 207049 A/10;A&S;20
AS100394001501;32018 X;A&S;12
AS100396001501;JL 819349/10;A&S;1538
AS100418001501;537/532 X;A&S;4
AS100451001501;368 A/362 X;A&S;32
AS100453001501;55206 C/437;A&S;38
AS100456001501;78225 C/551;A&S;6
AS100481001501;3382/20;A&S;30
AS100509001501;37431/625;A&S;4
AS100563001501;30217;A&S;16
AS100571001501;559/552 A;A&S;2
AS100580001501;389 AS/382;A&S;2
AS100638001501;42368/42584;A&S;115
AS100651001501;681/672;A&S;11
AS100686001501;U 399/U 365 L;A&S;1
AS110004001501;TR00004;A&S;5
AS110014001501;TR00014;A&S;6
AS110022001501;TR00022;A&S;27
AS110060001501;TR00060;A&S;721
AS110111001501;TR00111;A&S;15
AS120006001501;WB25550048RB;A&S;12
AS120053001501;WB55900060RB;A&S;40
AS150109001501;WH30109RB;A&S;4
AS200001001501;6210 2Z/NR;A&S;2
AS200010001501;6004 2RS/C3;A&S;265
AS200011001501;6006 2RS/C3;A&S;2387
AS200012001501;6007 2RS/C3;A&S;42
AS200014001501;6009 2RS/C3;A&S;60
AS200016001501;6011 2RS/C3;A&S;300
AS200017001501;6012 2RS/C3;A&S;2
AS200028001501;6201 2RS/C3;A&S;582
AS200029001501;6202 2RS/C3;A&S;286
AS200030001501;6203 2RS/C3;A&S;637
AS200031001501;6204 2RS/C3;A&S;580
AS200032001501;6205 2RS/C3;A&S;1842
AS200033001501;6206 2RS/C3;A&S;1588
AS200034001501;6207 2RS/C3;A&S;3593
AS200035001501;6208 2RS/C3;A&S;507
AS200036001501;6209 2RS/C3;A&S;87
AS200037001501;6210 2RS/C3;A&S;93
AS200038001501;6211 2RS/C3;A&S;47
AS200039001501;6212 2RS/C3;A&S;44
AS200042001501;62201 2RS/C3;A&S;110
AS200043001501;62202 2RS/C3;A&S;51
AS200065001501;6301 2RS/C3;A&S;25
AS200069001501;6305 2RS/C3;A&S;499
AS200077001501;6309 2RS/C3;A&S;33
AS200085001501;6802 2RS/C3;A&S;4058
AS200093001501;6903 2RS/C3;A&S;86
AS200098001501;63006 2RS/C3;A&S;31
AS200107001501;6906 2RS/C3;A&S;2733
AS200112001501;6005 2RS/C3;A&S;282
AS200139001501;607 2Z;A&S;20
AS200164001501;62322/22,2 2RS/C3;A&S;10
AS200181001501;63/28 2RS;A&S;2
AS200213001501;R8 2RS;A&S;3107
AS200333001501;88107 2RS;A&S;8
AS200372001501;1206;A&S;10
AS200411001501;6210 Z/NR;A&S;73
AS200418001501;6310 Z/NR;A&S;38
AS200435001501;6404 2Z/C3;A&S;4
AS200625001501;6203 2RS;A&S;60
AS200632001501;62204 2RS;A&S;44
AS200669001501;6307 2Z/NR;A&S;14
AS200770001501;5204 2RS;A&S;1000
AS200800001501;6020 2RS/C3;A&S;20
AS200801001501;6205 1'' 2RS;A&S;73
AS200960001501;5210 2RS;A&S;97
AS201191001501;3203 B 2RS/C3 TV;A&S;20
AS201193001501;3208 B 2RS/C3 TV;A&S;6
AS201194001501;3210 B 2RS TV;A&S;125
AS201195001501;3211 2RS/C3;A&S;128
AS201196001501;3304 B 2RS/C3 TV;A&S;4
AS210025001501;BB00025;A&S;80
AS210038001501;BB00038;A&S;10
AS210071001501;BB00071;A&S;24
AS210112001501;BB00112;A&S;115
AS210161001501;BB00161;A&S;6
AS210366001501;BB00366;A&S;20
AS220005001501;BAC406224;A&S;1
AS220009001501;BAC305523;A&S;133
AS220010001501;BAC355222;A&S;4
AS220036001501;BAC356437;A&S;7
AS230010001501;WB30600337BB;A&S;2
AS230023001501;WB34660037BB;A&S;16
AS230071001501;WB38720236/33BB;A&S;4
AS230120001501;WB42770039BBM;A&S;2
AS230165001501;WB45870041/39BB;A&S;2
AS250108001501;WH30108BB;A&S;2
AS300264001501;NU 1011 EM;A&S;5
AS300266001501;NU 208 EMNRC3;A&S;19
AS300271001501;NU 309 EMN;A&S;44
AS310091001501;CR00090;A&S;73
AS310092001501;CR00091;A&S;141
AS310093001501;CR00092;A&S;34
AS310094001501;CR00093;A&S;40
AS400001001501;SCE 3616;A&S;128
AS400002001501;SCH 1612;A&S;169
AS400003001501;SCE 3216;A&S;236
AS400004001501;SCH 1616;A&S;20
AS400005001501;SCH 2020;A&S;284
AS400006001501;SN 2020;A&S;250
AS400007001501;HN 2820;A&S;100
AS400009001501;HK 6020;A&S;104
AS400017001501;HK 2016;A&S;2
AS400019001501;HK 2520;A&S;149
AS400020001501;HK 2820;A&S;35
AS400021001501;HK 3020;A&S;500
AS400023001501;HK 4012;A&S;912
AS400024001501;SCE 1412;A&S;110
AS400026001501;SCE 2016;A&S;2
AS400028001501;SCE 2416;A&S;4
AS400036001501;SN 2016;A&S;32
AS400072001501;SN 1816;A&S;24
AS410020001501;NB0020;A&S;10
AS410050001501;NB0050;A&S;10
AS410053001501;NB0053;A&S;7
AS410059001501;NB0059;A&S;4
AS410064001501;NB0064;A&S;7
AS410071001501;NB0071;A&S;82
AS410092001501;NB0092;A&S;56
AS410103001501;NB0103;A&S;23
AS410139001501;NB0139;A&S;196
AS410141001501;NB0141;A&S;29
AS410142001501;NB0142;A&S;6
AS410143001501;NB0143;A&S;82
AS410144001501;NB0144;A&S;65
AS410145001501;NB0145;A&S;5
AS410146001501;NB0146;A&S;3
AS410148001501;NB0148;A&S;26
AS410150001501;NB0150;A&S;55
AS600012001501;GE25 DO;A&S;10
AS600014001501;GE30 DO;A&S;51
AS600015001501;GE31 ZO;A&S;103
AS600018001501;GE40 DO;A&S;23
AS600019001501;GE50 DO;A&S;23
AS600020001501;GE20 DO 2RS;A&S;169
AS600021001501;GE25 DO 2RS;A&S;175
AS600022001501;GE25 ZO 2RS;A&S;157
AS600024001501;GE31 ZO 2RS;A&S;127
AS600026001501;GE38 ZO 2RS;A&S;34
AS600027001501;GE40 DO 2RS;A&S;12
AS600028001501;GE50 DO 2RS;A&S;46
AS640001001501;UC204;A&S;20
AS640003001501;UC206;A&S;37
AS640004001501;UC207;A&S;12
AS640005001501;UC208;A&S;39
AS640007001501;UC210;A&S;119
AS640008001501;UC211;A&S;52
AS640010001501;UC213;A&S;2
AS640011001501;UC214;A&S;13
AS640014001501;ORAE 30 NPPB;A&S;1099
AS640016001501;GY 1108 KRRB;A&S;8
AS640018001501;205 KRRB2;A&S;223
AS640027001501;G206 V22 3L;A&S;24
AS640028001501;GE 25 KRRB 3L;A&S;10
AS640030001501;GE 50 KRRB 3L;A&S;14
AS640032001501;GE 60 KRRB 3L;A&S;7
AS640033001501;GNE 30 KRRB 3L;A&S;1
AS640037001501;GRAE 20 NPPB 3L;A&S;4
AS640038001501;GRAE 25 NPPB 3L;A&S;51
AS640039001501;GRAE 30 NPPB 3L;A&S;103
AS640040001501;GRAE 35 NPPB 3L;A&S;4
AS640041001501;GRAE 40 NPPB 3L;A&S;4
AS640042001501;GRAE 45 NPPB 3L;A&S;2
AS640043001501;GRAE 50 NPPB 3L;A&S;5
AS640045001501;GRAE 60 NPPB 3L;A&S;59
AS640046001501;GE 30 KRRB 3L;A&S;12
AS640047001501;GE 35 KRRB 3L;A&S;19
AS640048001501;GE 40 KRRB 3L;A&S;15
AS640069001501;GSK104-207KRRB;A&S;91
AS640219001501;S 205 KRR2;A&S;118
AS640253001501;203 KRR2;A&S;64
AS650849001501;HB88509A;A&S;188
AS650850001501;HB88510;A&S;4
AS650851001501;HB88508B;A&S;27
AS660012001501;TP00012;A&S;14
AS660013001501;TP00013;A&S;59
AS660014001501;TP00014;A&S;2
AS660015001501;TP00015;A&S;28
AS660016001501;TP00016;A&S;12
AS660017001501;TP00017;A&S;13
AS660019001501;TP00019;A&S;10
AS660020001501;TP00020;A&S;19
AS660033001501;TP00033;A&S;24
AS660036001501;TP00036;A&S;6
AS660040001501;TP00040;A&S;6
AS660057001501;TP00057;A&S;24
AS660058001501;TP00058;A&S;2
AS660064001501;TP00064;A&S;2
AS660071001501;TP00071;A&S;7
AS660077001501;TP00077;A&S;4
AS660078001501;TP00078;A&S;53
AS660082001501;TP00082;A&S;17
AS660134001501;TP00134;A&S;11
PF100001001801;PFI 30202;PFI;54
PF100002001801;PFI 30203;PFI;1638
PF100005001801;PFI 30206;PFI;250
PF100006001801;PFI 30207;PFI;130
PF100007001801;PFI 30208;PFI;40
PF100008001801;PFI 30209;PFI;71
PF100009001801;PFI 30210;PFI;20
PF100010001801;PFI 30211;PFI;10
PF100016001801;PFI 30217;PFI;15
PF100018001801;PFI 30219;PFI;4
PF100021001801;PFI 30302;PFI;10
PF100022001801;PFI 30304;PFI;34
PF100025001801;PFI 30307;PFI;58
PF100027001801;PFI 30308;PFI;10
PF100031001801;PFI 30312;PFI;4
PF100033001801;PFI 30314;PFI;29
PF100035001801;PFI 30303D;PFI;86
PF100037001801;PFI 32204;PFI;16
PF100038001801;PFI 32205;PFI;2
PF100039001801;PFI 32206;PFI;20
PF100040001801;PFI 32207;PFI;12
PF100041001801;PFI 32208;PFI;119
PF100042001801;PFI 32209;PFI;10
PF100044001801;PFI 32211;PFI;161
PF100045001801;PFI 32212;PFI;6
PF100046001801;PFI 32213;PFI;6
PF100047001801;PFI 32214;PFI;2
PF100049001801;PFI 32216;PFI;10
PF100050001801;PFI 32217;PFI;93
PF100052001801;PFI 32219;PFI;4
PF100053001801;PFI 32220;PFI;2
PF100055001801;PFI 32304;PFI;10
PF100056001801;PFI 32305;PFI;4
PF100058001801;PFI 32307;PFI;4
PF100061001801;PFI 32310;PFI;2
PF100066001801;PFI 33005;PFI;3
PF100071001801;PFI 33016;PFI;2
PF100075001801;PFI 33021;PFI;10
PF100077001801;PFI 33108;PFI;65
PF100078001801;PFI 33109;PFI;24
PF100079001801;PFI 33110;PFI;54
PF100082001801;PFI 33113;PFI;6
PF100083001801;PFI 33114;PFI;14
PF100087001801;PFI 33118;PFI;12
PF100089001801;PFI 33206;PFI;30
PF100090001801;PFI 33207;PFI;16
PF100092001801;PFI 33209;PFI;42
PF100094001801;PFI 33211;PFI;1
PF100095001801;PFI 33212;PFI;3
PF100102001801;PFI JM720249/10;PFI;4
PF100103001801;PFI 32010X;PFI;103
PF100105001801;PFI 2872/20;PFI;31
PF100106001801;PFI 11590/20;PFI;97
PF100107001801;PFI 14125A/276;PFI;10
PF100109001801;PFI 14137A/276;PFI;60
PF100111001801;PFI 14138A/276;PFI;13
PF100113001801;PFI 15101/245;PFI;2
PF100114001801;PFI 15103S/243;PFI;127
PF100116001801;PFI 15106/250X;PFI;19
PF100119001801;PFI 15123/245;PFI;129
PF100120001801;PFI 15123/250;PFI;105
PF100121001801;PFI 15578/20;PFI;11
PF100122001801;PFI 17887/31;PFI;20
PF100123001801;PFI 18590/20;PFI;297
PF100124001801;PFI 24780/20;PFI;4
PF100125001801;PFI 25577/23;PFI;10
PF100127001801;PFI 25580/21;PFI;26
PF100130001801;PFI 25590/23;PFI;32
PF100131001801;PFI 2580/23;PFI;5
PF100133001801;PFI 25877/21;PFI;2
PF100134001801;PFI 27687/20;PFI;6
PF100135001801;PFI 2780/20;PFI;12
PF100139001801;PFI 28580/21;PFI;57
PF100140001801;PFI 28584/21;PFI;4
PF100144001801;PFI 28985/21;PFI;6
PF100149001801;PFI 31594/20;PFI;21
PF100150001801;PFI 320/28X;PFI;10
PF100151001801;PFI 320/32X;PFI;6
PF100152001801;PFI 32004 X;PFI;10
PF100155001801;PFI 32007X;PFI;67
PF100156001801;PFI 32008X;PFI;6
PF100158001801;PFI 32008/72;PFI;24
PF100159001801;PFI 32009X;PFI;42
PF100160001801;PFI 32009XJA;PFI;8
PF100161001801;PFI 32011X;PFI;10
PF100162001801;PFI 32012X;PFI;103
PF100163001801;PFI 32013X;PFI;35
PF100164001801;PFI 32014X;PFI;7
PF100165001801;PFI 32015X;PFI;3
PF100166001801;PFI 32016X;PFI;36
PF100167001801;PFI 32017X;PFI;6
PF100170001801;PFI 32021X;PFI;8
PF100171001801;PFI 32022X;PFI;11
PF100172001801;PFI 32024X;PFI;4
PF100175001801;PFI 33287/462;PFI;35
PF100176001801;PFI 3585/25;PFI;16
PF100177001801;PFI 368A/2A;PFI;10
PF100178001801;PFI 37425/625;PFI;2
PF100179001801;PFI 37431A/625;PFI;6
PF100180001801;PFI 3780/20;PFI;38
PF100182001801;PFI 387A/2;PFI;2
PF100183001801;PFI 387A/2A;PFI;4
PF100186001801;PFI 395A/4A;PFI;80
PF100188001801;PFI 395/4A;PFI;27
PF100189001801;PFI 39580/20;PFI;12
PF100190001801;PFI 39585/20;PFI;12
PF100191001801;PFI 39590/20;PFI;15
PF100192001801;PFI 3980/20;PFI;4
PF100193001801;PFI 3982/20;PFI;10
PF100194001801;PFI 3984/20;PFI;271
PF100195001801;PFI 399A/4A;PFI;6
PF100197001801;PFI 469/453X;PFI;2
PF100198001801;PFI 47490/20;PFI;5
PF100200001801;PFI 55200C/437;PFI;2
PF100202001801;PFI 57410/29710HC;PFI;4
PF100204001801;PFI 580/572;PFI;12
PF100205001801;PFI 594A/2A;PFI;31
PF100206001801;PFI 598A/592A;PFI;2
PF100207001801;PFI 598A/593X;PFI;3
PF100212001801;PFI HM218248/10;PFI;2
PF100213001801;PFI HM518445/10;PFI;18
PF100214001801;PFI HM803146/10;PFI;5
PF100215001801;PFI HM803149/10;PFI;10
PF100217001801;PFI HM807046/10;PFI;8
PF100220001801;PFI HM88649/10;PFI;56
PF100221001801;PFI HM89249/10;PFI;54
PF100222001801;PFI HM89446/10;PFI;50
PF100225001801;PFI HM903249/10;PFI;342
PF100226001801;PFI JF7049A/10;PFI;4
PF100227001801;PFI JL69349/10;PFI;137
PF100228001801;PFI JL819349/10;PFI;13
PF100229001801;PFI JLM104948/10;PFI;78
PF100231001801;PFI JM207049A/10;PFI;2
PF100232001801;PFI JM714249/10;PFI;14
PF100234001801;PFI L44643/10;PFI;40
PF100235001801;PFI L44649/10;PFI;14
PF100237001801;PFI L68145/11;PFI;10
PF100240001801;PFI LM102949/10;PFI;35
PF100243001801;PFI LM11749/10;PFI;20
PF100244001801;PFI LM11949/10;PFI;26
PF100246001801;PFI LM12749/10;PFI;2
PF100249001801;PFI LM29749/10;PFI;34
PF100251001801;PFI LM48548/10;PFI;26
PF100253001801;PFI LM501349/14;PFI;8
PF100254001801;PFI LM503349/10;PFI;32
PF100256001801;PFI LM603049/12;PFI;162
PF100257001801;PFI LM67048/10;PFI;415
PF100258001801;PFI LM78349/10;PFI;6
PF100262001801;PFI M802048/11;PFI;36
PF100263001801;PFI M84548/10;PFI;16
PF100264001801;PFI M86649/10;PFI;18
PF100265001801;PFI M88043/10;PFI;4
PF100266001801;PFI M88048/10;PFI;10
PF100268001801;PFI U399/U360L;PFI;61
PF100269001801;PFI U399A/U365L;PFI;2
PF100270001801;PFI U497/U460L;PFI;2
PF100274001801;PFI 495A/492A;PFI;45
PF100278001801;PFI 30206.EXF;PFI;30
PF100281001801;PFI 30213.EXF;PFI;6
PF100307001801;PFI 32315;PFI;1
PF100309001801;PFI 13685/21;PFI;20
PF100320001801;PFI 663/653;PFI;3
PF100321001801;PFI JM716649/10;PFI;28
PF100323001801;PFI 14131/276;PFI;78
PF100333001801;PFI 33889/22;PFI;15
PF100344001801;PFI 47686/20;PFI;68
PF100345001801;PFI 496/493;PFI;30
PF100346001801;PFI 497/492A;PFI;114
PF100349001801;PFI 559/552A;PFI;101
PF100358001801;PFI JW6049/10;PFI;141
PF100361001801;PFI LM48548/11;PFI;16
PF100365001801;PFI 33214;PFI;4
PF100368001801;PFI LM104949/10;PFI;9
PF110001001801;PFI 329013;PFI;10
PF110002001801;PFI 518713;PFI;101
PF110003001801;PFI 804358;PFI;2
PF110009001801;PFI 57414/LM300811;PFI;10
PF110010001801;PSTA3072;PFI;6
PF110014001801;PTR070904;PFI;32
PF120002001801;PW25520037CSHD2;PFI;838
PF120005001801;PW25550043CSHD;PFI;2
PF120007001801;PW25550048CSHD;PFI;1
PF120012001801;PW27530043CSHD;PFI;2
PF120015001801;PW30620048CSHD;PFI;4
PF120016001801;PW30620051CSHD;PFI;5
PF120019001801;PW49840048CSHD;PFI;30
PF120022001801;PW38650052/48CSHD;PFI;7
PF120024001801;PW40730040/39CSHD;PFI;1
PF120025001801;PW40730055CSHD;PFI;164
PF120028001801;PW40800045/44CSHD;PFI;3
PF120033001801;PW42760039CSHD;PFI;12
PF120034001801;PW42800038CSHD;PFI;1
PF120036001801;PW42820040CSHDM;PFI;14
PF120040001801;PW45800048CSHD;PFI;74
PF120044001801;PW45800055CSHD2;PFI;10
PF120045001801;PW45800060CSHD;PFI;4
PF120056001801;PW54960051CSHD;PFI;4
PF120060001801;PW55900060CSHD;PFI;231
PF120064001801;PW781300090CSHD;PFI;2
PF120066001801;PW9414800135CSHD;PFI;4
PF120071001801;PW35650035CSHD2;PFI;43
PF140013001801;PHU60030;PFI;6
PF140015001801;PHU56010;PFI;8
PF140019001801;PHU8041;PFI;1
PF150014001801;PHU5014;PFI;12
PF150024001801;PHU5026;PFI;1
PF150047001801;PHU5065T;PFI;3
PF150065001801;PHU5101;PFI;1
PF150082001801;PHU57000;PFI;85
PF150084001801;PHU57413;PFI;2
PF150100001801;PHU56699;PFI;2
PF200012001801;PFI R6202-2RS C3;PFI;210
PF200013001801;PFI R6203-2RS C3;PFI;1050
PF200014001801;PFI R6303-2RS C3;PFI;200
PF200015001801;PFI 16001 C3;PFI;1
PF200017001801;PFI 16003 C3;PFI;46
PF200021001801;PFI 5200-2RS C3;PFI;4
PF200023001801;PFI 5202-2RS C3;PFI;12
PF200024001801;PFI 5203-2RS C3;PFI;1044
PF200026001801;PFI 5204-2RS C3;PFI;3
PF200027001801;PFI 5205-2RS C3;PFI;603
PF200028001801;PFI 5206-2RS C3;PFI;821
PF200030001801;PFI 5207-2RS C3;PFI;85
PF200031001801;PFI 5208-2RS C3;PFI;322
PF200032001801;PFI 5209-2RS C3;PFI;117
PF200035001801;PFI 5304-2RS C3;PFI;41
PF200036001801;PFI 5305-2RS C3;PFI;14
PF200037001801;PFI 5306-2RS C3;PFI;4
PF200038001801;PFI 5307-2RS C3;PFI;4
PF200039001801;PFI 5308-2RS C3;PFI;13
PF200040001801;PFI 5309-2RS C3;PFI;5
PF200041001801;PFI 5310-2RS C3;PFI;2
PF200042001801;PFI 60/22-2RS C3;PFI;4
PF200043001801;PFI 60/28-2RS C3;PFI;4
PF200044001801;PFI 60/32-2RS C3;PFI;46
PF200047001801;PFI 6001-2RS C3;PFI;150
PF200048001801;PFI 6000-2RS C3;PFI;55
PF200057001801;PFI 6000-ZZ C3;PFI;60
PF200058001801;PFI 6003DW;PFI;262
PF200064001801;PFI 6005-2RS C3;PFI;407
PF200066001801;PFI 6006-2RS C3;PFI;110
PF200068001801;PFI 6007-2RS C3;PFI;12
PF200069001801;PFI 6008-2RS C3;PFI;121
PF200071001801;PFI 6010-2RS C3;PFI;86
PF200072001801;PFI 6011-2RS C3;PFI;506
PF200073001801;PFI 6012-2RS C3;PFI;504
PF200074001801;PFI 6013-2RS C3;PFI;17
PF200075001801;PFI 6014-2RS C3;PFI;15
PF200076001801;PFI 6015-2RS C3;PFI;3
PF200078001801;PFI 606-2RS C3;PFI;382
PF200079001801;PFI 607-2RS C3;PFI;2178
PF200081001801;PFI 608-2RS C3;PFI;360
PF200082001801;PFI 608-ZZ C3;PFI;3705
PF200083001801;PFI 609-2RS C3;PFI;275
PF200084001801;PFI 62/22-2RS C3;PFI;2099
PF200085001801;PFI 62/22/23;PFI;28
PF200086001801;PFI 62/28-2RS C3;PFI;30
PF200087001801;PFI 62/28 NR C3;PFI;10
PF200088001801;PFI 62/32-2RS C3;PFI;20
PF200090001801;PFI 6200-2RS C3;PFI;1090
PF200093001801;PFI 62000-2RS C3;PFI;44
PF200096001801;PFI 6201-2RS C3;PFI;671
PF200098001801;PFI 6201-ZZ C3;PFI;20
PF200100001801;PFI 6202-2RS 1/2 C3;PFI;5
PF200103001801;PFI 6202-2RS C3;PFI;1843
PF200104001801;PFI 6202-ZZ C3;PFI;74
PF200105001801;PFI 6202-2RS 5/8 C3;PFI;279
PF200106001801;PFI 6202-2RS D12 C3;PFI;119
PF200107001801;PFI 6202-2RS D16 C3;PFI;111
PF200110001801;PFI 6203-2RS C3;PFI;100
PF200112001801;PFI 6203-2RS 3/4 C3;PFI;6
PF200113001801;PFI 6203-2RS 5/8 C3;PFI;45
PF200117001801;PFI 6204-2RS C0;PFI;203
PF200118001801;PFI 6204-2RS C3;PFI;1040
PF200121001801;PFI 6204 W12 C3;PFI;7
PF200124001801;PFI 6205-2RS D1 C3;PFI;10
PF200126001801;PFI 6205-2RS C3;PFI;200
PF200131001801;PFI 6206-2RS C3;PFI;90
PF200136001801;PFI 6206-2RS D20 C3;PFI;46
PF200137001801;PFI 6207-2RS C3;PFI;60
PF200138001801;PFI 6208-2RS C3;PFI;60
PF200143001801;PFI 6210-2RS C3;PFI;10
PF200145001801;PFI 6212-2RS C3;PFI;60
PF200148001801;PFI 62201-2RS C3;PFI;10
PF200149001801;PFI 62202-2RS C3;PFI;4
PF200150001801;PFI 62203-2RS C3;PFI;2
PF200151001801;PFI 62204-2RS C3;PFI;231
PF200152001801;PFI 62205-2RS C3;PFI;6
PF200153001801;PFI 62206-2RS C3;PFI;20
PF200155001801;PFI 62208-2RS C3;PFI;6
PF200156001801;PFI 623-2RS C3;PFI;20
PF200158001801;PFI 62302-2RS C3;PFI;20
PF200159001801;PFI 62303-2RS C3;PFI;7
PF200161001801;PFI 62304-2RS D17 C3;PFI;15
PF200162001801;PFI 62305-2RS C3;PFI;27
PF200163001801;PFI 62306-2RS C3;PFI;243
PF200164001801;PFI 62309-2RS C3;PFI;171
PF200165001801;PFI 62322.2-2RS C3;PFI;25
PF200167001801;PFI 625-2RS C3;PFI;36
PF200168001801;PFI 626-2RS C3;PFI;332
PF200169001801;PFI 627-2RS C3;PFI;161
PF200170001801;PFI 628-2RS C3;PFI;318
PF200171001801;PFI 629-2RS C3;PFI;271
PF200172001801;PFI 63/22-2RS C3;PFI;116
PF200176001801;PFI 63/28-X1;PFI;63
PF200177001801;PFI 63/28-X1RS;PFI;10
PF200179001801;PFI 63/32-2RS C3;PFI;15
PF200183001801;PFI 63006-2RS C3;PFI;554
PF200184001801;PFI 63007-2RS C3;PFI;21
PF200187001801;PFI 6302-2RS C3;PFI;2
PF200192001801;PFI 6303-2RS C3;PFI;62
PF200193001801;PFI 6303-ZZ C3;PFI;21
PF200198001801;PFI 6305-2RS C3;PFI;72
PF200202001801;PFI 6305-2RS D22 C3;PFI;130
PF200203001801;PFI 6306-2RS C3;PFI;414
PF200205001801;PFI 6306-2RS D25 C3;PFI;28
PF200206001801;PFI 6306-2RS D32 C3;PFI;50
PF200207001801;PFI 6307-2RS C3;PFI;63
PF200208001801;PFI 6307-ZZ C3;PFI;31
PF200209001801;PFI 6307-Z NR C3;PFI;26
PF200213001801;PFI 6308-Z NR C3;PFI;117
PF200214001801;PFI 6309-2RS C3;PFI;6
PF200216001801;PFI 6311-2RS C3;PFI;259
PF200217001801;PFI 6312-2RS C3;PFI;104
PF200218001801;PFI 6313-2RS C3;PFI;3
PF200220001801;PFI 638-2RS C3;PFI;22
PF200221001801;PFI 6403-2RS C3;PFI;26
PF200222001801;PFI 6800-2RS C3;PFI;114
PF200223001801;PFI 6801-2RS C3;PFI;110
PF200224001801;PFI 6802-2RS C3;PFI;1493
PF200225001801;PFI 6803-2RS C3;PFI;1266
PF200226001801;PFI 6804-2RS C3;PFI;499
PF200228001801;PFI 6806-2RS C3;PFI;90
PF200230001801;PFI 685-2RS C3;PFI;20
PF200233001801;PFI 688-2RS C3;PFI;595
PF200234001801;PFI 689-2RS C3;PFI;12
PF200235001801;PFI 6900-2RS C3;PFI;20
PF200236001801;PFI 6901-2RS C3;PFI;100
PF200237001801;PFI 6902-2RS C3;PFI;917
PF200238001801;PFI 6903-2RS C3;PFI;1707
PF200239001801;PFI 6904-2RS C3;PFI;180
PF200240001801;PFI 6904DW;PFI;6
PF200241001801;PFI 6905-2RS C3;PFI;1699
PF200242001801;PFI 6906-2RS C3;PFI;422
PF200243001801;PFI 6907-2RS C3;PFI;4
PF200244001801;PFI 6908-2RS C3;PFI;259
PF200246001801;PFI 696-2RS C3;PFI;10
PF200247001801;PFI 697-2RS C3;PFI;10
PF200248001801;PFI 698-2RS C3;PFI;30
PF200249001801;PFI 699-2RS C3;PFI;64
PF200251001801;PFI R12-2RS C3;PFI;38
PF200253001801;PFI R3-2RS C3;PFI;20
PF200256001801;PFI R8-2RS C3;PFI;4013
PF200259001801;PFI R4-2RS C3;PFI;9
PF200261001801;PFI 6007-2RS C3.EXF;PFI;40
PF200265001801;PFI 6206-2RS C3.EXF;PFI;50
PF200289001801;PFI 6304-2RS C3.EXF;PFI;20
PF200294001801;PFI BB1B446740;PFI;2
PF200316001801;PFI 6214-2RS C3;PFI;11
PF200322001801;PFI 6302-2RS C3.EXF;PFI;600
PF200335001801;PFI 6017-2RZ C3;PFI;265
PF200343001801;PFI 6004-ZZ C3;PFI;400
PF200346001801;PFI 6203-ZZ NR C3;PFI;900
PF200350001801;PFI 623-ZZ C3;PFI;110
PF200352001801;PFI 627-ZZ C3;PFI;95
PF200357001801;PFI 6306-ZZ C3;PFI;80
PF200396001801;PFI 6202-2RS D14 C3;PFI;6
PF210003001801;PFI B17-99D;PFI;30
PF210008001801;PFI SC03A76LVAX;PFI;23
PF210012001801;PFI 6202VVNCX;PFI;6
PF210018001801;PFI B10-27D;PFI;115
PF210020001801;PFI B10-50TT;PFI;4
PF210026001801;PFI B15-115D;PFI;25
PF210029001801;PFI B15-69D;PFI;140
PF210031001801;PFI B15-86D;PFI;43
PF210032001801;PFI B17-107D;PFI;4
PF210033001801;PFI B17-116D;PFI;30
PF210034001801;PFI B17-126D;PFI;65
PF210035001801;PFI B17-127D;PFI;10
PF210036001801;PFI B17-47D;PFI;10
PF210038001801;PFI B8-23D;PFI;33
PF210039001801;PFI B8-74D;PFI;25
PF210041001801;PFI B8-85D;PFI;32
PF210042001801;PFI BB1-0078;PFI;1056
PF210043001801;PF555102;PFI;54
PF210044001801;PFI 949100-2790;PFI;11
PF210045001801;PFI 949100-3190;PFI;54
PF210046001801;PFI 949100-3330;PFI;6
PF210047001801;PFI 949100-3360;PFI;6
PF210050001801;PFI 949100-3820;PFI;51
PF210051001801;PFI B25-238D;PFI;8
PF210058001801;PF110415;PFI;600
PF210061001801;PA45750027/15CS;PFI;80
PF210063001801;PFI 18073305;PFI;138
PF210068001801;P35TM11NX1C3;PFI;177
PF210070001801;PDG436813;PFI;1
PF210075001801;PFI B17-92D;PFI;827
PF210083001801;PFI 35BC07S58;PFI;35
PF210084001801;PFI 35BC07S65NC2;PFI;21
PF210096001801;PFI B25-139D;PFI;28
PF210105001801;P536906;PFI;53
PF210107001801;PSF05A84;PFI;23
PF210109001801;PFI 5302-2RS C3;PFI;20
PF210110001801;P35BVV07X;PFI;115
PF210127001801;PFI F-562024.02.KLQ;PFI;3716
PF220010001801;PC30470018CS;PFI;16
PF220011001801;PC30470020CS;PFI;6
PF220012001801;PC30470022CS;PFI;4
PF220016001801;PC30550023CS;PFI;700
PF220019001801;PC32470018CS;PFI;8
PF220024001801;PC35500020CS;PFI;70
PF220025001801;PC35520012CS;PFI;23
PF220026001801;PC35520020CS;PFI;107
PF220027001801;PC35520022CS;PFI;6
PF220028001801;PC35550020CSR1;PFI;133
PF220032001801;PC35720014CS;PFI;4
PF220033001801;PC38540017CS;PFI;10
PF220034001801;PC406200206CS;PFI;2
PF220036001801;PC40620024CS;PFI;5
PF220040001801;PC45750032CS;PFI;2
PF220042001801;PC50900040CS;PFI;5
PF230007001801;PW43780044CSM;PFI;14
PF230008001801;PW42800037CS;PFI;66
PF230010001801;PW39720037CSM;PFI;20
PF230014001801;PW40740042CS;PFI;6
PF230016001801;PW25520042CS;PFI;365
PF230020001801;PW37720037CS;PFI;12
PF230024001801;PW35660033CS;PFI;13
PF230025001801;PW35720033CS;PFI;37
PF230026001801;PW34670037CS;PFI;4133
PF230029001801;PW27550032CS;PFI;1573
PF230031001801;PW28580042CS;PFI;4
PF230034001801;PW28610042CS;PFI;330
PF230036001801;PW30550032CS;PFI;168
PF230037001801;PW30600337CS;PFI;57
PF230041001801;PW30620032CS;PFI;10
PF230047001801;PW34580024CS;PFI;4
PF230048001801;PW34640037CS;PFI;217
PF230051001801;PW35640037CS;PFI;333
PF230052001801;PW35650035CS;PFI;20
PF230063001801;PW35720033CSM;PFI;27
PF230071001801;PW37720033CSM;PFI;29
PF230073001801;PW37720437CSM96V2;PFI;4
PF230077001801;PW38700037CSR1;PFI;24
PF230085001801;PW38730040CSM;PFI;2
PF230088001801;PW30540024CS2RS;PFI;10
PF230094001801;PW39720037CS;PFI;18
PF230096001801;PW39740036/34CS;PFI;28
PF230103001801;PW40740036CS;PFI;16
PF230104001801;PW40740040CS;PFI;6
PF230115001801;PW40900028/23CS;PFI;83
PF230122001801;PW42760039CS;PFI;35
PF230132001801;PW42820336CSM;PFI;2
PF230139001801;PW43800040CSM;PFI;3
PF230148001801;PW45830044CSM;PFI;10
PF230158001801;PW45860044CSM;PFI;6
PF230165001801;PW48860042/40CSM;PFI;2
PF230171001801;PW51910044CSM;PFI;2
PF230174001801;PW52960050CSM;PFI;5
PF230175001801;PW37740437CSM;PFI;32
PF230190001801;PW35660037CS;PFI;28
PF230191001801;PW39/41750037CS;PFI;15
PF230198001801;PW38740236/33CS;PFI;2
PF230200001801;PW43/45820037CS;PFI;1
PF240049001801;PHU2194;PFI;2
PF240050001801;PHU2195;PFI;1
PF240071001801;PHU2303;PFI;5
PF240093001801;PHU3135;PFI;4
PF240101001801;PHU52001;PFI;2
PF240143001801;PHU2181;PFI;2
PF250045001801;PHU2257;PFI;28
PF250046001801;PHU2265;PFI;1
PF250071001801;PHU2345;PFI;2
PF250133001801;PHU3214;PFI;2
PF250155001801;PHU3270;PFI;5
PF250158001801;PHU3275;PFI;8
PF250191001801;PHU590201;PFI;6
PF250206001801;PHU3413;PFI;11
PF250208001801;PHU594505;PFI;5
PF250210001801;PHU53975;PFI;2
PF250223001801;PHU8042;PFI;2
PF250234001801;PHU2518;PFI;23
PF250239001801;PHU5064T;PFI;4
PF250246001801;PHU57663;PFI;11
PF250266001801;PHU590528;PFI;6
PF250270001801;PHU590577;PFI;2
PF250273001801;PHU590628;PFI;5
PF270010001801;PCR2433;PFI;1
PF270013001801;PCR3623;PFI;1
PF270025001801;PCR2601;PFI;6
PF270037001801;PCR3539;PFI;74
PF270038001801;PCRCT1310ARSED;PFI;4
PF270039001801;PCRA4044-5;PFI;35
PF270054001801;PCR3559;PFI;4
PF270056001801;PCR3567;PFI;14
PF270059001801;PCR614093;PFI;11
PF270061001801;PCR2215;PFI;8
PF270063001801;PFI 330.030 GY193;PFI;13
PF300002001801;PFI NU202E C3;PFI;3
PF310005001801;P8ENK345920;PFI;24
PF310006001801;PGDF555809;PFI;204
PF310007001801;PGDF11334207;PFI;20
PF310009001801;PGDF232349;PFI;5
PF400002001801;PFI NB-151;PFI;50
PF410001001801;PFI F12470;PFI;216
PF410002001801;PFI NB-101;PFI;61
PF410005001801;PFI NB-104R;PFI;4
PF410009001801;PFI NB-111R;PFI;61
PF410011001801;PFI NB-124;PFI;4
PF410015001801;PFI NB-148;PFI;16231
PF410016001801;PFI F212285.2;PFI;40
PF410021001801;PFI NB-1620;PFI;24
PF410023001801;PFI NB-2012;PFI;20
PF610032001801;PWF5005;PFI;6
PF610035001801;PWF5012;PFI;2
PF610038001801;PWF5023;PFI;8
PF640007001801;PFI 203KRR2 C3;PFI;16
PF640009001801;PFI 204KRR2 C3;PFI;3780
PF640011001801;PFI 205KRRB2 C3;PFI;711
PF640014001801;PFI 207KRR AH03 C3;PFI;406
PF640016001801;PFI 208KRR4 C3;PFI;804
PF640017001801;PFI 209KRRB2 C3;PFI;87
PF640019001801;PFI G1100KRRB-3L;PFI;280
PF640024001801;PFI G1108KRRB-3L;PFI;70
PF640030001801;PFI GE50KRRB-3L;PFI;1
PF640031001801;PFI GNE40KRRB-3L;PFI;441
PF640036001801;PFI GRA100NPPB-3L;PFI;194
PF640038001801;PFI GRA103NPPB-3L;PFI;74
PF640042001801;PFI GRA108NPPB-3L;PFI;1300
PF640043001801;PFI GRAE20NPPB-3L;PFI;14
PF640044001801;PFI GRAE25NPPB-3L;PFI;40
PF640045001801;PFI GRAE30NPPB-3L;PFI;35
PF640046001801;PFI GRAE35NPPB-3L;PFI;32
PF640047001801;PFI GRAE40NPPB-3L;PFI;19
PF640048001801;PFI GRAE45NPPB-3L;PFI;200
PF640055001801;PFI GY1108KRRB-3L;PFI;12
PF640070001801;PFI UC203-3L;PFI;15
PF640071001801;PFI UC204-3L;PFI;10
PF640072001801;PFI UC205-3L;PFI;80
PF640073001801;PFI UC205-16-3L;PFI;20
PF640074001801;PFI UC206-3L;PFI;145
PF640075001801;PFI UC207-3L;PFI;100
PF640077001801;PFI UC208-3L;PFI;100
PF640078001801;PFI UC208-24-3L;PFI;7
PF640080001801;PFI UC209-28-3L;PFI;17
PF640081001801;PFI UC210-3L;PFI;13
PF640082001801;PFI UC211-3L;PFI;10
PF640083001801;PFI UC212-3L;PFI;36
PF640101001801;RAE20NPPB-3L;PFI;2
PF640116001801;PFI GRA112NPPB;PFI;62
PF640120001801;PFI GRAE25NPPB;PFI;40
PF640121001801;PFI GRAE30NPPB;PFI;40
PF640122001801;PFI GRAE35NPPB;PFI;40
PF640125001801;PFI GRAE50NPPB;PFI;11
PF640134001801;RAE20NPPB;PFI;4
PF640161001801;PFI GE25KRRB;PFI;50
PF640162001801;PFI GE35KRRB;PFI;50
PF650035001801;PFI UCP208-24-3L;PFI;12
PF670001001801;PF110390;PFI;1000
PF900030001801;PW40800023/18CSK;PFI;22
PF900039001801;PHU2227K;PFI;7
PF900040001801;PHU2228K;PFI;3
PF900041001801;PHU59001K;PFI;2
PF900042001801;PHU53570K;PFI;4
PF900050001801;PW50890051CSHDK;PFI;1
PF900061001801;PW37720033CSMK;PFI;15
PF900068001801;PW42820336CSMK;PFI;2
PF900076001801;PHU53548K;PFI;1
PF900107001801;PHU56556K;PFI;6
PF900113001801;PHU57011K;PFI;5
PF900118001801;PHU8507K;PFI;19
PF900120001801;PHU8516K;PFI;1
PF900121001801;PWK4529;PFI;10
PF900122001801;PWK4544;PFI;6
PF900132001801;PHU2305K;PFI;3
PF900141001801;PHU53594K;PFI;2
PF900156001801;PHU500701K;PFI;1
PF900161001801;PW45840041CSMK2;PFI;2
PF900163001801;PW29530037CSHDM;PFI;18
PF900165001801;PHU14154K;PFI;1
PF900176001801;PWK4687;PFI;20
PF900179001801;PHU56676K;PFI;1
PF900188001801;PHU3256K;PFI;1
PF900189001801;PHU57131K;PFI;3
PF900228001801;PHU60030K;PFI;3
PF900361001801;PHU590755K;PFI;6
PF900450001801;PWK4533;PFI;10
PF900686001801;PHU53583;PFI;2
PF900180001801;PHU56579K;PFI;20
PF150088001801;PHU590492;PFI;2
28026296111124;AAS NKE_22328-E-C3-W33-MRO;NKE;2
14014394001113;AAS NKE_16016-C3;NKE;50
11011728001190;AAS F 15149;FERSA;20
19018469001113;AAS NKE_NU319-E-M6-C3;NKE;1
14014945001113;AAS NKE_61909-2RSR;NKE;20
14015012001113;AAS NKE_6200-2Z-C3;NKE;104
19116126001124;AAS NKE_81208-TVPB-MRO;NKE;4
14015448001113;AAS NKE_6311-2Z-C3;NKE;3
AS120037001501;WB45800048RB;A&S;2
14014915001124;AAS NKE_61903-2RSR-MRO;NKE;21
PF640033001801;PFI GRA010NPPB-3L;PFI;4
14014701001113;AAS NKE_607-2RSR;NKE;10
AS120002001501;WB25520042RB;A&S;1
PF210019001801;PFI B10-50D;PFI;15
23021189001124;AAS NKE_BK3020-MRO;NKE;1
PF210130001801;PFI B17-102D;PFI;6
PF410026001801;PFI NB-109;PFI;6
PF270027001801;PCR3615;PFI;2
PF240085001801;PHU3098;PFI;2
PF240039001801;PHU2175;PFI;2
14015314001113;AAS NKE_627-2RSR;NKE;60
14015319001124;AAS NKE_628-2RS-MRO;NKE;60
14014940001124;AAS NKE_61908-2Z-MRO;NKE;10
14014914001113;AAS NKE_61903;NKE;40
14014716001113;AAS NKE_608-2Z;NKE;60
14514072001113;AAS NKE_3205-B-2Z-TV;NKE;20
14019383001113;AAS NKE_61912-2Z-C3;NKE;6
14015538001113;AAS NKE_6405-C3;NKE;5
15115928001113;AAS NKE_1309-K-TV-C3;NKE;4
15115859001113;AAS NKE_1206-K-TV-C3;NKE;6
14014713001113;AAS NKE_608-2RSR;NKE;60
15121880001124;AAS NKE_1313-K-C3-MRO;NKE;2
19013460001113;AAS NKE_NJ206-E-TVP3-C3;NKE;2
15115900001113;AAS NKE_2212-C3;NKE;2
19013517001113;AAS NKE_NJ307-E-TVP3;NKE;2
15120156001113;AAS NKE_2304-TV;NKE;4
19013568001113;AAS NKE_NJ307-E-TVP3-C3;NKE;2
15120110001113;AAS NKE_1208-TV-C3;NKE;4
28020389001113;AAS NKE_22310-E-K-C3-W33;NKE;2
14216240001113;AAS NKE_305801-2Z;NKE;4
15122277001113;AAS NKE_1211-C3;NKE;8
